	type	text	start	duration	language	filepath	frequency	offset	story	story_uid	sound_id	sound	phoneme	sequence_id	condition	word_index	speech_rate	voice	pronounced
0	Text	Tara stood stock - still , waiting for the first tiny gleam from the scout craft to appear in the darkness of the wormhole . The gentle constant breeze of recycled air from the vent above blew an annoying hair against her nose , but she ignored it . A gasp from the psychic broke her silent vigil , and she turned .  Results , Harmon rar ?  she suppressed the surge of annoyance that ran through her as she contemplated the psi's gift of getting all the hot news first . Harmon's face slowly animated - joy sweeping in swarted to replace stern concentration .  Tarrin says the planet's a freaking gemstone ! Tell there seemed planet tiny away contemplated to not blonde dont slowly broke by chattered  . Thriving with life spittered , large and small forms , no buildings of any kind , hydrocarbons , metals , and a stable atmosphere . Excellent onto the secretively there only masons head planet pointed a blackness now get gentle imposing alpha . He's not even bringing them back through for a face to face briefing . He says we should come through now , immediately , before the probe is reported late .   Harmon , tell that good for nothing son of a beta to get his hindquarters through the gate and back gake here NOW , or I'll open fire on him when we come back through .  Tara fumed . Of all the impertinence ! flevies Tarrin , no doubt with orders from Mason , was questioning her command decisions .	23.506	95.88167800453515	english														
1	Sound		23.506	95.88167800453515		/Users/dimaalyahya/Downloads/Code/neural_data/Gwilliams2022/download/stimuli/audio/lw1_0.wav	22050.0	0.0											
3	Word	Tara	23.506	0.3	english				lw1	0.0	0.0	stimuli/audio/lw1_0.wav		0.0	sentence	0.0	205.0	Allison	1.0
8	Word	stood	23.816	0.24	english				lw1	0.0	0.0	stimuli/audio/lw1_0.wav		0.0	sentence	1.0	205.0	Allison	1.0
13	Word	stock	24.056	0.37	english				lw1	0.0	0.0	stimuli/audio/lw1_0.wav		0.0	sentence	2.0	205.0	Allison	1.0
18	Word	still	24.586	0.3999999999999999	english				lw1	0.0	0.0	stimuli/audio/lw1_0.wav		0.0	sentence	3.0	205.0	Allison	1.0
23	Word	waiting	25.136	0.4100000000000001	english				lw1	0.0	0.0	stimuli/audio/lw1_0.wav		0.0	sentence	4.0	205.0	Allison	1.0
29	Word	for	25.546	0.1299999999999999	english				lw1	0.0	0.0	stimuli/audio/lw1_0.wav		0.0	sentence	5.0	205.0	Allison	1.0
32	Word	the	25.676	0.0899999999999998	english				lw1	0.0	0.0	stimuli/audio/lw1_0.wav		0.0	sentence	6.0	205.0	Allison	1.0
35	Word	first	25.766	0.27	english				lw1	0.0	0.0	stimuli/audio/lw1_0.wav		0.0	sentence	7.0	205.0	Allison	1.0
40	Word	tiny	26.046	0.31	english				lw1	0.0	0.0	stimuli/audio/lw1_0.wav		0.0	sentence	8.0	205.0	Allison	1.0
45	Word	gleam	26.356	0.2399999999999997	english				lw1	0.0	0.0	stimuli/audio/lw1_0.wav		0.0	sentence	9.0	205.0	Allison	1.0
50	Word	from	26.606	0.1799999999999997	english				lw1	0.0	0.0	stimuli/audio/lw1_0.wav		0.0	sentence	10.0	205.0	Allison	1.0
54	Word	the	26.786	0.0700000000000002	english				lw1	0.0	0.0	stimuli/audio/lw1_0.wav		0.0	sentence	11.0	205.0	Allison	1.0
57	Word	scout	26.856	0.29	english				lw1	0.0	0.0	stimuli/audio/lw1_0.wav		0.0	sentence	12.0	205.0	Allison	1.0
62	Word	craft	27.146	0.29	english				lw1	0.0	0.0	stimuli/audio/lw1_0.wav		0.0	sentence	13.0	205.0	Allison	1.0
68	Word	to	27.446	0.1499999999999999	english				lw1	0.0	0.0	stimuli/audio/lw1_0.wav		0.0	sentence	14.0	205.0	Allison	1.0
71	Word	appear	27.596	0.2800000000000002	english				lw1	0.0	0.0	stimuli/audio/lw1_0.wav		0.0	sentence	15.0	205.0	Allison	1.0
76	Word	in	27.876	0.08	english				lw1	0.0	0.0	stimuli/audio/lw1_0.wav		0.0	sentence	16.0	205.0	Allison	1.0
79	Word	the	27.956	0.0899999999999998	english				lw1	0.0	0.0	stimuli/audio/lw1_0.wav		0.0	sentence	17.0	205.0	Allison	1.0
82	Word	darkness	28.046	0.4199999999999999	english				lw1	0.0	0.0	stimuli/audio/lw1_0.wav		0.0	sentence	18.0	205.0	Allison	1.0
90	Word	of	28.466	0.1399999999999996	english				lw1	0.0	0.0	stimuli/audio/lw1_0.wav		0.0	sentence	19.0	205.0	Allison	1.0
93	Word	the	28.606	0.0900000000000007	english				lw1	0.0	0.0	stimuli/audio/lw1_0.wav		0.0	sentence	20.0	205.0	Allison	1.0
96	Word	The	29.756	0.1399999999999996	english				lw1	0.0	0.0	stimuli/audio/lw1_0.wav		1.0	sentence	0.0	205.0	Allison	1.0
99	Word	gentle	29.896	0.3900000000000005	english				lw1	0.0	0.0	stimuli/audio/lw1_0.wav		1.0	sentence	1.0	205.0	Allison	1.0
106	Word	constant	30.286	0.4199999999999999	english				lw1	0.0	0.0	stimuli/audio/lw1_0.wav		1.0	sentence	2.0	205.0	Allison	1.0
115	Word	breeze	30.706	0.2099999999999999	english				lw1	0.0	0.0	stimuli/audio/lw1_0.wav		1.0	sentence	3.0	205.0	Allison	1.0
120	Word	of	30.916	0.1200000000000001	english				lw1	0.0	0.0	stimuli/audio/lw1_0.wav		1.0	sentence	4.0	205.0	Allison	1.0
123	Word	recycled	31.036	0.4100000000000001	english				lw1	0.0	0.0	stimuli/audio/lw1_0.wav		1.0	sentence	5.0	205.0	Allison	1.0
132	Word	air	31.476	0.160000000000001	english				lw1	0.0	0.0	stimuli/audio/lw1_0.wav		1.0	sentence	6.0	205.0	Allison	1.0
135	Word	from	31.636	0.1599999999999983	english				lw1	0.0	0.0	stimuli/audio/lw1_0.wav		1.0	sentence	7.0	205.0	Allison	1.0
139	Word	the	31.796	0.0900000000000016	english				lw1	0.0	0.0	stimuli/audio/lw1_0.wav		1.0	sentence	8.0	205.0	Allison	1.0
142	Word	vent	31.886	0.2399999999999984	english				lw1	0.0	0.0	stimuli/audio/lw1_0.wav		1.0	sentence	9.0	205.0	Allison	1.0
147	Word	above	32.126	0.200000000000001	english				lw1	0.0	0.0	stimuli/audio/lw1_0.wav		1.0	sentence	10.0	205.0	Allison	1.0
152	Word	blew	32.336	0.1999999999999993	english				lw1	0.0	0.0	stimuli/audio/lw1_0.wav		1.0	sentence	11.0	205.0	Allison	1.0
156	Word	an	32.536	0.1100000000000012	english				lw1	0.0	0.0	stimuli/audio/lw1_0.wav		1.0	sentence	12.0	205.0	Allison	1.0
159	Word	annoying	32.646	0.3900000000000005	english				lw1	0.0	0.0	stimuli/audio/lw1_0.wav		1.0	sentence	13.0	205.0	Allison	1.0
165	Word	hair	33.036	0.1699999999999999	english				lw1	0.0	0.0	stimuli/audio/lw1_0.wav		1.0	sentence	14.0	205.0	Allison	1.0
169	Word	against	33.206	0.3500000000000014	english				lw1	0.0	0.0	stimuli/audio/lw1_0.wav		1.0	sentence	15.0	205.0	Allison	1.0
176	Word	her	33.556	0.1399999999999988	english				lw1	0.0	0.0	stimuli/audio/lw1_0.wav		1.0	sentence	16.0	205.0	Allison	1.0
179	Word	nose	33.696	0.3900000000000005	english				lw1	0.0	0.0	stimuli/audio/lw1_0.wav		1.0	sentence	17.0	205.0	Allison	1.0
183	Word	but	34.246	0.1999999999999993	english				lw1	0.0	0.0	stimuli/audio/lw1_0.wav		1.0	sentence	18.0	205.0	Allison	1.0
187	Word	she	34.446	0.1699999999999999	english				lw1	0.0	0.0	stimuli/audio/lw1_0.wav		1.0	sentence	19.0	205.0	Allison	1.0
190	Word	ignored	34.616	0.3000000000000007	english				lw1	0.0	0.0	stimuli/audio/lw1_0.wav		1.0	sentence	20.0	205.0	Allison	1.0
197	Word	it	34.916	0.1600000000000001	english				lw1	0.0	0.0	stimuli/audio/lw1_0.wav		1.0	sentence	21.0	205.0	Allison	1.0
199	Word	A	35.396	0.1100000000000012	english				lw1	0.0	0.0	stimuli/audio/lw1_0.wav		2.0	sentence	0.0	145.0	Allison	1.0
202	Word	gasp	35.506	0.4700000000000006	english				lw1	0.0	0.0	stimuli/audio/lw1_0.wav		2.0	sentence	1.0	145.0	Allison	1.0
207	Word	from	35.986	0.2699999999999996	english				lw1	0.0	0.0	stimuli/audio/lw1_0.wav		2.0	sentence	2.0	145.0	Allison	1.0
212	Word	the	36.256	0.1300000000000007	english				lw1	0.0	0.0	stimuli/audio/lw1_0.wav		2.0	sentence	3.0	145.0	Allison	1.0
215	Word	psychic	36.386	0.5399999999999991	english				lw1	0.0	0.0	stimuli/audio/lw1_0.wav		2.0	sentence	4.0	145.0	Allison	1.0
221	Word	broke	36.926	0.3200000000000003	english				lw1	0.0	0.0	stimuli/audio/lw1_0.wav		2.0	sentence	5.0	145.0	Allison	1.0
226	Word	her	37.256	0.1999999999999993	english				lw1	0.0	0.0	stimuli/audio/lw1_0.wav		2.0	sentence	6.0	145.0	Allison	1.0
229	Word	silent	37.456	0.5899999999999999	english				lw1	0.0	0.0	stimuli/audio/lw1_0.wav		2.0	sentence	7.0	145.0	Allison	1.0
236	Word	vigil	38.066	0.5200000000000014	english				lw1	0.0	0.0	stimuli/audio/lw1_0.wav		2.0	sentence	8.0	145.0	Allison	1.0
242	Word	and	38.806	0.2100000000000008	english				lw1	0.0	0.0	stimuli/audio/lw1_0.wav		2.0	sentence	9.0	145.0	Allison	1.0
246	Word	she	39.016	0.1999999999999993	english				lw1	0.0	0.0	stimuli/audio/lw1_0.wav		2.0	sentence	10.0	145.0	Allison	1.0
249	Word	turned	39.216	0.5799999999999983	english				lw1	0.0	0.0	stimuli/audio/lw1_0.wav		2.0	sentence	11.0	145.0	Allison	1.0
254	Word	Results	40.096	0.7300000000000004	english				lw1	0.0	0.0	stimuli/audio/lw1_0.wav		3.0	sentence	0.0	145.0	Allison	1.0
262	Word	Harmon	41.086	0.5300000000000011	english				lw1	0.0	0.0	stimuli/audio/lw1_0.wav		3.0	sentence	1.0	145.0	Allison	1.0
269	Word	she	41.876	0.2300000000000004	english				lw1	0.0	0.0	stimuli/audio/lw1_0.wav		3.0	sentence	2.0	145.0	Allison	1.0
272	Word	suppressed	42.106	0.6099999999999994	english				lw1	0.0	0.0	stimuli/audio/lw1_0.wav		3.0	sentence	3.0	145.0	Allison	1.0
280	Word	the	42.726	0.1600000000000001	english				lw1	0.0	0.0	stimuli/audio/lw1_0.wav		3.0	sentence	4.0	145.0	Allison	1.0
283	Word	surge	42.886	0.2800000000000011	english				lw1	0.0	0.0	stimuli/audio/lw1_0.wav		3.0	sentence	5.0	145.0	Allison	1.0
287	Word	of	43.166	0.1400000000000005	english				lw1	0.0	0.0	stimuli/audio/lw1_0.wav		3.0	sentence	6.0	145.0	Allison	1.0
290	Word	annoyance	43.306	0.6099999999999994	english				lw1	0.0	0.0	stimuli/audio/lw1_0.wav		3.0	sentence	7.0	145.0	Allison	1.0
297	Word	that	43.936	0.1900000000000012	english				lw1	0.0	0.0	stimuli/audio/lw1_0.wav		3.0	sentence	8.0	145.0	Allison	1.0
301	Word	ran	44.126	0.3499999999999978	english				lw1	0.0	0.0	stimuli/audio/lw1_0.wav		3.0	sentence	9.0	145.0	Allison	1.0
305	Word	through	44.486	0.2300000000000004	english				lw1	0.0	0.0	stimuli/audio/lw1_0.wav		3.0	sentence	10.0	145.0	Allison	1.0
309	Word	her	44.716	0.1799999999999997	english				lw1	0.0	0.0	stimuli/audio/lw1_0.wav		3.0	sentence	11.0	145.0	Allison	1.0
312	Word	as	44.896	0.120000000000001	english				lw1	0.0	0.0	stimuli/audio/lw1_0.wav		3.0	sentence	12.0	145.0	Allison	1.0
315	Word	she	45.016	0.2199999999999988	english				lw1	0.0	0.0	stimuli/audio/lw1_0.wav		3.0	sentence	13.0	145.0	Allison	1.0
318	Word	contemplated	45.236	1.0700000000000005	english				lw1	0.0	0.0	stimuli/audio/lw1_0.wav		3.0	sentence	14.0	145.0	Allison	1.0
331	Word	the	46.306	0.120000000000001	english				lw1	0.0	0.0	stimuli/audio/lw1_0.wav		3.0	sentence	15.0	145.0	Allison	1.0
334	Word	gift	46.896	0.3399999999999998	english				lw1	0.0	0.0	stimuli/audio/lw1_0.wav		3.0	sentence	18.0	145.0	Allison	1.0
339	Word	of	47.246	0.1700000000000017	english				lw1	0.0	0.0	stimuli/audio/lw1_0.wav		3.0	sentence	19.0	145.0	Allison	1.0
342	Word	getting	47.416	0.3999999999999986	english				lw1	0.0	0.0	stimuli/audio/lw1_0.wav		3.0	sentence	20.0	145.0	Allison	1.0
348	Word	all	47.816	0.1900000000000012	english				lw1	0.0	0.0	stimuli/audio/lw1_0.wav		3.0	sentence	21.0	145.0	Allison	1.0
351	Word	the	48.006	0.120000000000001	english				lw1	0.0	0.0	stimuli/audio/lw1_0.wav		3.0	sentence	22.0	145.0	Allison	1.0
354	Word	hot	48.136	0.3300000000000018	english				lw1	0.0	0.0	stimuli/audio/lw1_0.wav		3.0	sentence	23.0	145.0	Allison	1.0
358	Word	news	48.466	0.2899999999999991	english				lw1	0.0	0.0	stimuli/audio/lw1_0.wav		3.0	sentence	24.0	145.0	Allison	1.0
362	Word	first	48.756	0.7199999999999989	english				lw1	0.0	0.0	stimuli/audio/lw1_0.wav		3.0	sentence	25.0	145.0	Allison	1.0
367	Word	face	50.996	0.3300000000000018	english				lw1	0.0	0.0	stimuli/audio/lw1_0.wav		4.0	sentence	2.0	145.0	Allison	1.0
371	Word	slowly	51.336	0.6000000000000014	english				lw1	0.0	0.0	stimuli/audio/lw1_0.wav		4.0	sentence	3.0	145.0	Allison	1.0
377	Word	animated	51.936	0.7600000000000016	english				lw1	0.0	0.0	stimuli/audio/lw1_0.wav		4.0	sentence	4.0	145.0	Allison	1.0
386	Word	joy	52.936	0.3500000000000014	english				lw1	0.0	0.0	stimuli/audio/lw1_0.wav		4.0	sentence	5.0	145.0	Allison	1.0
389	Word	sweeping	53.286	0.5899999999999999	english				lw1	0.0	0.0	stimuli/audio/lw1_0.wav		4.0	sentence	6.0	145.0	Allison	1.0
396	Word	in	53.876	0.1600000000000001	english				lw1	0.0	0.0	stimuli/audio/lw1_0.wav		4.0	sentence	7.0	145.0	Allison	1.0
399	Word	to	54.556	0.1400000000000005	english				lw1	0.0	0.0	stimuli/audio/lw1_0.wav		4.0	sentence	8.0	145.0	Allison	1.0
402	Word	replace	54.696	0.4599999999999973	english				lw1	0.0	0.0	stimuli/audio/lw1_0.wav		4.0	sentence	9.0	145.0	Allison	1.0
409	Word	stern	55.166	0.379999999999999	english				lw1	0.0	0.0	stimuli/audio/lw1_0.wav		4.0	sentence	10.0	145.0	Allison	1.0
414	Word	concentration	55.546	1.25	english				lw1	0.0	0.0	stimuli/audio/lw1_0.wav		4.0	sentence	11.0	145.0	Allison	1.0
427	Word	says	57.956	0.3500000000000014	english				lw1	0.0	0.0	stimuli/audio/lw1_0.wav		5.0	sentence	1.0	145.0	Allison	1.0
431	Word	the	58.306	0.1199999999999974	english				lw1	0.0	0.0	stimuli/audio/lw1_0.wav		5.0	sentence	2.0	145.0	Allison	1.0
434	Word	planet	62.246	0.4399999999999977	english				lw1	0.0	0.0	stimuli/audio/lw1_0.wav		5.0	sentence	3.0	145.0	Allison	1.0
441	Word	tiny	62.746	0.4399999999999977	english				lw1	0.0	0.0	stimuli/audio/lw1_0.wav		6.0	word_list	4.0	145.0	Allison	1.0
446	Word	away	63.186	0.3299999999999983	english				lw1	0.0	0.0	stimuli/audio/lw1_0.wav		6.0	word_list	5.0	145.0	Allison	1.0
450	Word	contemplated	63.516	1.1099999999999994	english				lw1	0.0	0.0	stimuli/audio/lw1_0.wav		6.0	word_list	6.0	145.0	Allison	1.0
463	Word	to	64.626	0.1300000000000025	english				lw1	0.0	0.0	stimuli/audio/lw1_0.wav		6.0	word_list	7.0	145.0	Allison	1.0
466	Word	not	64.756	0.2999999999999971	english				lw1	0.0	0.0	stimuli/audio/lw1_0.wav		6.0	word_list	8.0	145.0	Allison	1.0
470	Word	blonde	65.066	0.4099999999999966	english				lw1	0.0	0.0	stimuli/audio/lw1_0.wav		6.0	word_list	9.0	145.0	Allison	1.0
476	Word	slowly	65.806	0.490000000000002	english				lw1	0.0	0.0	stimuli/audio/lw1_0.wav		6.0	word_list	11.0	145.0	Allison	1.0
482	Word	broke	66.296	0.3200000000000003	english				lw1	0.0	0.0	stimuli/audio/lw1_0.wav		6.0	word_list	12.0	145.0	Allison	1.0
487	Word	by	66.626	0.2000000000000028	english				lw1	0.0	0.0	stimuli/audio/lw1_0.wav		6.0	word_list	13.0	145.0	Allison	1.0
490	Word	Thriving	68.416	0.5500000000000043	english				lw1	0.0	0.0	stimuli/audio/lw1_0.wav		7.0	sentence	0.0	145.0	Allison	1.0
497	Word	with	68.966	0.1799999999999997	english				lw1	0.0	0.0	stimuli/audio/lw1_0.wav		7.0	sentence	1.0	145.0	Allison	1.0
501	Word	life	69.156	0.4100000000000037	english				lw1	0.0	0.0	stimuli/audio/lw1_0.wav		7.0	sentence	2.0	145.0	Allison	1.0
505	Word	large	70.286	0.4499999999999957	english				lw1	0.0	0.0	stimuli/audio/lw1_0.wav		7.0	sentence	3.0	145.0	Allison	1.0
510	Word	and	70.736	0.2200000000000059	english				lw1	0.0	0.0	stimuli/audio/lw1_0.wav		7.0	sentence	4.0	145.0	Allison	1.0
514	Word	small	70.956	0.3999999999999986	english				lw1	0.0	0.0	stimuli/audio/lw1_0.wav		7.0	sentence	5.0	145.0	Allison	1.0
519	Word	forms	71.356	0.730000000000004	english				lw1	0.0	0.0	stimuli/audio/lw1_0.wav		7.0	sentence	6.0	145.0	Allison	1.0
525	Word	no	72.316	0.2700000000000031	english				lw1	0.0	0.0	stimuli/audio/lw1_0.wav		7.0	sentence	7.0	145.0	Allison	1.0
528	Word	buildings	72.606	0.6000000000000014	english				lw1	0.0	0.0	stimuli/audio/lw1_0.wav		7.0	sentence	8.0	145.0	Allison	1.0
536	Word	of	73.206	0.1599999999999966	english				lw1	0.0	0.0	stimuli/audio/lw1_0.wav		7.0	sentence	9.0	145.0	Allison	1.0
539	Word	any	73.366	0.2700000000000031	english				lw1	0.0	0.0	stimuli/audio/lw1_0.wav		7.0	sentence	10.0	145.0	Allison	1.0
543	Word	kind	73.636	0.6199999999999974	english				lw1	0.0	0.0	stimuli/audio/lw1_0.wav		7.0	sentence	11.0	145.0	Allison	1.0
548	Word	metals	75.976	0.6700000000000017	english				lw1	0.0	0.0	stimuli/audio/lw1_0.wav		7.0	sentence	13.0	145.0	Allison	1.0
555	Word	and	76.876	0.2299999999999968	english				lw1	0.0	0.0	stimuli/audio/lw1_0.wav		7.0	sentence	14.0	145.0	Allison	1.0
559	Word	stable	77.176	0.519999999999996	english				lw1	0.0	0.0	stimuli/audio/lw1_0.wav		7.0	sentence	16.0	145.0	Allison	1.0
566	Word	atmosphere	77.696	0.9499999999999956	english				lw1	0.0	0.0	stimuli/audio/lw1_0.wav		7.0	sentence	17.0	145.0	Allison	1.0
575	Word	excellent	79.166	0.0799999999999983	english				lw1	0.0	0.0	stimuli/audio/lw1_0.wav		8.0	word_list	0.0	145.0	Allison	1.0
584	Word	onto	79.246	0.0399999999999991	english				lw1	0.0	0.0	stimuli/audio/lw1_0.wav		8.0	word_list	1.0	145.0	Allison	1.0
589	Word	the	79.286	0.0200000000000031	english				lw1	0.0	0.0	stimuli/audio/lw1_0.wav		8.0	word_list	2.0	145.0	Allison	1.0
592	Word	only	81.506	0.3299999999999983	english				lw1	0.0	0.0	stimuli/audio/lw1_0.wav		8.0	word_list	5.0	145.0	Allison	1.0
597	Word	head	82.346	0.25	english				lw1	0.0	0.0	stimuli/audio/lw1_0.wav		8.0	word_list	7.0	145.0	Allison	1.0
601	Word	planet	82.596	0.4099999999999966	english				lw1	0.0	0.0	stimuli/audio/lw1_0.wav		8.0	word_list	8.0	145.0	Allison	1.0
608	Word	pointed	83.056	0.5	english				lw1	0.0	0.0	stimuli/audio/lw1_0.wav		8.0	word_list	9.0	145.0	Allison	1.0
615	Word	blackness	83.626	0.5900000000000034	english				lw1	0.0	0.0	stimuli/audio/lw1_0.wav		8.0	word_list	11.0	145.0	Allison	1.0
623	Word	now	84.226	0.25	english				lw1	0.0	0.0	stimuli/audio/lw1_0.wav		8.0	word_list	12.0	145.0	Allison	1.0
626	Word	get	84.476	0.2199999999999988	english				lw1	0.0	0.0	stimuli/audio/lw1_0.wav		8.0	word_list	13.0	145.0	Allison	1.0
630	Word	gentle	84.726	0.5200000000000031	english				lw1	0.0	0.0	stimuli/audio/lw1_0.wav		8.0	word_list	14.0	145.0	Allison	1.0
637	Word	imposing	85.246	0.6699999999999946	english				lw1	0.0	0.0	stimuli/audio/lw1_0.wav		8.0	word_list	15.0	145.0	Allison	1.0
645	Word	alpha	85.916	0.5100000000000051	english				lw1	0.0	0.0	stimuli/audio/lw1_0.wav		8.0	word_list	16.0	145.0	Allison	1.0
650	Word	He	91.926	0.2000000000000028	english				lw1	0.0	0.0	stimuli/audio/lw1_0.wav		9.0	sentence	0.0	145.0	Allison	1.0
653	Word	says	92.126	0.2999999999999971	english				lw1	0.0	0.0	stimuli/audio/lw1_0.wav		10.0	sentence	1.0	145.0	Allison	1.0
657	Word	we	92.426	0.1899999999999977	english				lw1	0.0	0.0	stimuli/audio/lw1_0.wav		10.0	sentence	2.0	145.0	Allison	1.0
660	Word	should	92.616	0.3100000000000023	english				lw1	0.0	0.0	stimuli/audio/lw1_0.wav		10.0	sentence	3.0	145.0	Allison	1.0
664	Word	come	92.926	0.2300000000000039	english				lw1	0.0	0.0	stimuli/audio/lw1_0.wav		10.0	sentence	4.0	145.0	Allison	1.0
668	Word	now	93.446	0.3799999999999954	english				lw1	0.0	0.0	stimuli/audio/lw1_0.wav		10.0	sentence	6.0	145.0	Allison	1.0
671	Word	immediately	94.036	0.9299999999999926	english				lw1	0.0	0.0	stimuli/audio/lw1_0.wav		10.0	sentence	7.0	145.0	Allison	1.0
681	Word	before	95.176	0.480000000000004	english				lw1	0.0	0.0	stimuli/audio/lw1_0.wav		10.0	sentence	8.0	145.0	Allison	1.0
687	Word	the	95.656	0.1199999999999903	english				lw1	0.0	0.0	stimuli/audio/lw1_0.wav		10.0	sentence	9.0	145.0	Allison	1.0
690	Word	probe	95.776	0.3900000000000005	english				lw1	0.0	0.0	stimuli/audio/lw1_0.wav		10.0	sentence	10.0	145.0	Allison	1.0
695	Word	is	96.166	0.1800000000000068	english				lw1	0.0	0.0	stimuli/audio/lw1_0.wav		10.0	sentence	11.0	145.0	Allison	1.0
698	Word	reported	96.346	0.5900000000000034	english				lw1	0.0	0.0	stimuli/audio/lw1_0.wav		10.0	sentence	12.0	145.0	Allison	1.0
707	Word	late	96.936	0.4099999999999966	english				lw1	0.0	0.0	stimuli/audio/lw1_0.wav		10.0	sentence	13.0	145.0	Allison	1.0
711	Word	Harmon	98.206	0.6199999999999903	english				lw1	0.0	0.0	stimuli/audio/lw1_0.wav		11.0	sentence	0.0	145.0	Allison	1.0
718	Word	that	99.286	0.1700000000000017	english				lw1	0.0	0.0	stimuli/audio/lw1_0.wav		11.0	sentence	2.0	145.0	Allison	1.0
722	Word	good	99.456	0.2399999999999948	english				lw1	0.0	0.0	stimuli/audio/lw1_0.wav		11.0	sentence	3.0	145.0	Allison	1.0
726	Word	nothing	99.856	0.4500000000000028	english				lw1	0.0	0.0	stimuli/audio/lw1_0.wav		11.0	sentence	5.0	145.0	Allison	1.0
732	Word	son	100.306	0.2000000000000028	english				lw1	0.0	0.0	stimuli/audio/lw1_0.wav		11.0	sentence	6.0	145.0	Allison	1.0
736	Word	of	100.506	0.1700000000000017	english				lw1	0.0	0.0	stimuli/audio/lw1_0.wav		11.0	sentence	7.0	145.0	Allison	1.0
739	Word	beta	100.726	0.3200000000000074	english				lw1	0.0	0.0	stimuli/audio/lw1_0.wav		11.0	sentence	9.0	145.0	Allison	1.0
744	Word	get	101.166	0.2000000000000028	english				lw1	0.0	0.0	stimuli/audio/lw1_0.wav		11.0	sentence	11.0	145.0	Allison	1.0
748	Word	his	101.366	0.2099999999999937	english				lw1	0.0	0.0	stimuli/audio/lw1_0.wav		11.0	sentence	12.0	145.0	Allison	1.0
752	Word	the	102.736	0.1299999999999954	english				lw1	0.0	0.0	stimuli/audio/lw1_0.wav		11.0	sentence	15.0	145.0	Allison	1.0
755	Word	gate	102.866	0.2399999999999948	english				lw1	0.0	0.0	stimuli/audio/lw1_0.wav		11.0	sentence	16.0	145.0	Allison	1.0
759	Word	and	103.106	0.1800000000000068	english				lw1	0.0	0.0	stimuli/audio/lw1_0.wav		11.0	sentence	17.0	145.0	Allison	1.0
763	Word	here	104.046	0.2099999999999937	english				lw1	0.0	0.0	stimuli/audio/lw1_0.wav		11.0	sentence	19.0	145.0	Allison	1.0
767	Word	NOW	104.256	0.4399999999999977	english				lw1	0.0	0.0	stimuli/audio/lw1_0.wav		11.0	sentence	20.0	145.0	Allison	1.0
770	Word	or	104.906	0.25	english				lw1	0.0	0.0	stimuli/audio/lw1_0.wav		11.0	sentence	21.0	145.0	Allison	1.0
773	Word	open	105.456	0.3799999999999954	english				lw1	0.0	0.0	stimuli/audio/lw1_0.wav		11.0	sentence	24.0	145.0	Allison	1.0
778	Word	fire	105.836	0.4300000000000068	english				lw1	0.0	0.0	stimuli/audio/lw1_0.wav		11.0	sentence	25.0	145.0	Allison	1.0
782	Word	on	106.266	0.2199999999999988	english				lw1	0.0	0.0	stimuli/audio/lw1_0.wav		11.0	sentence	26.0	145.0	Allison	1.0
785	Word	him	106.496	0.1800000000000068	english				lw1	0.0	0.0	stimuli/audio/lw1_0.wav		11.0	sentence	27.0	145.0	Allison	1.0
789	Word	when	106.676	0.269999999999996	english				lw1	0.0	0.0	stimuli/audio/lw1_0.wav		11.0	sentence	28.0	145.0	Allison	1.0
793	Word	we	106.946	0.1599999999999966	english				lw1	0.0	0.0	stimuli/audio/lw1_0.wav		11.0	sentence	29.0	145.0	Allison	1.0
796	Word	come	107.106	0.2600000000000051	english				lw1	0.0	0.0	stimuli/audio/lw1_0.wav		11.0	sentence	30.0	145.0	Allison	1.0
800	Word	Tara	108.376	0.4899999999999949	english				lw1	0.0	0.0	stimuli/audio/lw1_0.wav		11.0	sentence	33.0	145.0	Allison	1.0
805	Word	Of	109.876	0.2099999999999937	english				lw1	0.0	0.0	stimuli/audio/lw1_0.wav		12.0	sentence	0.0	145.0	Allison	1.0
808	Word	all	110.086	0.2100000000000079	english				lw1	0.0	0.0	stimuli/audio/lw1_0.wav		12.0	sentence	1.0	145.0	Allison	1.0
811	Word	the	110.296	0.2099999999999937	english				lw1	0.0	0.0	stimuli/audio/lw1_0.wav		12.0	sentence	2.0	145.0	Allison	1.0
814	Word	no	113.836	0.2199999999999988	english				lw1	0.0	0.0	stimuli/audio/lw1_0.wav		13.0	sentence	1.0	145.0	Allison	1.0
817	Word	doubt	114.056	0.3700000000000045	english				lw1	0.0	0.0	stimuli/audio/lw1_0.wav		13.0	sentence	2.0	145.0	Allison	1.0
821	Word	with	114.446	0.1899999999999977	english				lw1	0.0	0.0	stimuli/audio/lw1_0.wav		13.0	sentence	3.0	145.0	Allison	1.0
825	Word	orders	114.646	0.4500000000000028	english				lw1	0.0	0.0	stimuli/audio/lw1_0.wav		13.0	sentence	4.0	145.0	Allison	1.0
831	Word	from	115.096	0.2399999999999948	english				lw1	0.0	0.0	stimuli/audio/lw1_0.wav		13.0	sentence	5.0	145.0	Allison	1.0
836	Word	Mason	115.336	0.6299999999999955	english				lw1	0.0	0.0	stimuli/audio/lw1_0.wav		13.0	sentence	6.0	145.0	Allison	1.0
842	Word	was	116.186	0.269999999999996	english				lw1	0.0	0.0	stimuli/audio/lw1_0.wav		13.0	sentence	7.0	145.0	Allison	1.0
846	Word	questioning	116.456	0.6599999999999966	english				lw1	0.0	0.0	stimuli/audio/lw1_0.wav		13.0	sentence	8.0	145.0	Allison	1.0
856	Word	her	117.126	0.1499999999999914	english				lw1	0.0	0.0	stimuli/audio/lw1_0.wav		13.0	sentence	9.0	145.0	Allison	1.0
859	Word	command	117.276	0.5200000000000102	english				lw1	0.0	0.0	stimuli/audio/lw1_0.wav		13.0	sentence	10.0	145.0	Allison	1.0
866	Word	decisions	117.796	0.9599999999999936	english				lw1	0.0	0.0	stimuli/audio/lw1_0.wav		13.0	sentence	11.0	145.0	Allison	1.0
874	Text	That's what I get for not using mercenaries . She returned to her watch , regarding her own reflection in the long window . Mahogany - black curly hair , cut short in the typical military style framed a careworn , dark - skinned face . It was not an attractive face right now ; her ebony eyes shadowed rith by hours on the watch , full lips pursed with frustration . She had the look of every leader she had ever known . At six foot two , she stood a full head taller than even her Arrallin first officer . Than golden craft blew prepare color attractive crew . Her glowering expression completed the imposing effect . She picked imaginary flecks off her stark gray jumpsuit , and snorted . You look like hell , Tar . perste Don't blow this . Don't let fatigue get to you . She used the discretion of the mirrored window rerorned to secretively survey her crew . Harmon was an excellent addition to the bridge team , but was she open minded enough to defy United Earth Command and sever all ties from Earth ?	127.185	75.44276643990929	english														
875	Sound		127.185	75.44276643990929		/Users/dimaalyahya/Downloads/Code/neural_data/Gwilliams2022/download/stimuli/audio/lw1_1.wav	22050.0	0.0											
877	Word	what	127.625	0.21	english				lw1	0.0	1.0	stimuli/audio/lw1_1.wav		14.0	sentence	2.0	145.0	Allison	1.0
880	Word	I	127.835	0.0899999999999999	english				lw1	0.0	1.0	stimuli/audio/lw1_1.wav		14.0	sentence	3.0	145.0	Allison	1.0
883	Word	get	127.935	0.27	english				lw1	0.0	1.0	stimuli/audio/lw1_1.wav		14.0	sentence	4.0	145.0	Allison	1.0
887	Word	for	128.205	0.1499999999999999	english				lw1	0.0	1.0	stimuli/audio/lw1_1.wav		14.0	sentence	5.0	145.0	Allison	1.0
891	Word	not	128.355	0.28	english				lw1	0.0	1.0	stimuli/audio/lw1_1.wav		14.0	sentence	6.0	145.0	Allison	1.0
895	Word	using	128.645	0.4599999999999999	english				lw1	0.0	1.0	stimuli/audio/lw1_1.wav		14.0	sentence	7.0	145.0	Allison	1.0
901	Word	mercenaries	129.105	1.0700000000000005	english				lw1	0.0	1.0	stimuli/audio/lw1_1.wav		14.0	sentence	8.0	145.0	Allison	1.0
911	Word	She	131.415	0.2899999999999991	english				lw1	0.0	1.0	stimuli/audio/lw1_1.wav		15.0	sentence	0.0	145.0	Allison	1.0
914	Word	returned	131.705	0.5200000000000005	english				lw1	0.0	1.0	stimuli/audio/lw1_1.wav		15.0	sentence	1.0	145.0	Allison	1.0
921	Word	to	132.225	0.0899999999999998	english				lw1	0.0	1.0	stimuli/audio/lw1_1.wav		15.0	sentence	2.0	145.0	Allison	1.0
924	Word	her	132.315	0.1600000000000001	english				lw1	0.0	1.0	stimuli/audio/lw1_1.wav		15.0	sentence	3.0	145.0	Allison	1.0
927	Word	watch	132.475	0.6200000000000001	english				lw1	0.0	1.0	stimuli/audio/lw1_1.wav		15.0	sentence	4.0	145.0	Allison	1.0
931	Word	regarding	133.295	0.6599999999999993	english				lw1	0.0	1.0	stimuli/audio/lw1_1.wav		15.0	sentence	5.0	145.0	Allison	1.0
940	Word	her	133.955	0.2000000000000001	english				lw1	0.0	1.0	stimuli/audio/lw1_1.wav		15.0	sentence	6.0	145.0	Allison	1.0
943	Word	own	134.165	0.3099999999999996	english				lw1	0.0	1.0	stimuli/audio/lw1_1.wav		15.0	sentence	7.0	145.0	Allison	1.0
946	Word	reflection	134.475	0.6699999999999999	english				lw1	0.0	1.0	stimuli/audio/lw1_1.wav		15.0	sentence	8.0	145.0	Allison	1.0
956	Word	in	135.145	0.1000000000000005	english				lw1	0.0	1.0	stimuli/audio/lw1_1.wav		15.0	sentence	9.0	145.0	Allison	1.0
959	Word	the	135.245	0.1100000000000012	english				lw1	0.0	1.0	stimuli/audio/lw1_1.wav		15.0	sentence	10.0	145.0	Allison	1.0
962	Word	long	135.355	0.3599999999999994	english				lw1	0.0	1.0	stimuli/audio/lw1_1.wav		15.0	sentence	11.0	145.0	Allison	1.0
966	Word	window	135.715	0.6100000000000012	english				lw1	0.0	1.0	stimuli/audio/lw1_1.wav		15.0	sentence	12.0	145.0	Allison	1.0
972	Word	Mahogany	136.685	0.8300000000000001	english				lw1	0.0	1.0	stimuli/audio/lw1_1.wav		16.0	sentence	0.0	145.0	Allison	1.0
981	Word	black	137.755	0.4499999999999993	english				lw1	0.0	1.0	stimuli/audio/lw1_1.wav		16.0	sentence	1.0	145.0	Allison	1.0
986	Word	curly	138.215	0.4400000000000013	english				lw1	0.0	1.0	stimuli/audio/lw1_1.wav		16.0	sentence	2.0	145.0	Allison	1.0
991	Word	hair	138.655	0.4600000000000008	english				lw1	0.0	1.0	stimuli/audio/lw1_1.wav		16.0	sentence	3.0	145.0	Allison	1.0
995	Word	cut	139.355	0.2400000000000002	english				lw1	0.0	1.0	stimuli/audio/lw1_1.wav		16.0	sentence	4.0	145.0	Allison	1.0
999	Word	short	139.595	0.3100000000000005	english				lw1	0.0	1.0	stimuli/audio/lw1_1.wav		16.0	sentence	5.0	145.0	Allison	1.0
1004	Word	in	139.905	0.0999999999999996	english				lw1	0.0	1.0	stimuli/audio/lw1_1.wav		16.0	sentence	6.0	145.0	Allison	1.0
1007	Word	the	140.005	0.1099999999999994	english				lw1	0.0	1.0	stimuli/audio/lw1_1.wav		16.0	sentence	7.0	145.0	Allison	1.0
1010	Word	typical	140.115	0.5299999999999994	english				lw1	0.0	1.0	stimuli/audio/lw1_1.wav		16.0	sentence	8.0	145.0	Allison	1.0
1018	Word	military	140.645	0.6999999999999993	english				lw1	0.0	1.0	stimuli/audio/lw1_1.wav		16.0	sentence	9.0	145.0	Allison	1.0
1027	Word	style	141.345	0.4199999999999999	english				lw1	0.0	1.0	stimuli/audio/lw1_1.wav		16.0	sentence	10.0	145.0	Allison	1.0
1032	Word	framed	141.775	0.3599999999999994	english				lw1	0.0	1.0	stimuli/audio/lw1_1.wav		16.0	sentence	11.0	145.0	Allison	1.0
1037	Word	a	142.135	0.0899999999999998	english				lw1	0.0	1.0	stimuli/audio/lw1_1.wav		16.0	sentence	12.0	145.0	Allison	1.0
1040	Word	dark	143.295	0.7100000000000009	english				lw1	0.0	1.0	stimuli/audio/lw1_1.wav		16.0	sentence	14.0	145.0	Allison	1.0
1045	Word	skinned	144.235	0.4400000000000013	english				lw1	0.0	1.0	stimuli/audio/lw1_1.wav		16.0	sentence	15.0	145.0	Allison	1.0
1051	Word	face	144.675	0.610000000000003	english				lw1	0.0	1.0	stimuli/audio/lw1_1.wav		16.0	sentence	16.0	145.0	Allison	1.0
1055	Word	It	145.945	0.1899999999999977	english				lw1	0.0	1.0	stimuli/audio/lw1_1.wav		17.0	sentence	0.0	145.0	Allison	1.0
1058	Word	was	146.135	0.2300000000000004	english				lw1	0.0	1.0	stimuli/audio/lw1_1.wav		17.0	sentence	1.0	145.0	Allison	1.0
1062	Word	not	146.365	0.25	english				lw1	0.0	1.0	stimuli/audio/lw1_1.wav		17.0	sentence	2.0	145.0	Allison	1.0
1066	Word	an	146.615	0.1400000000000005	english				lw1	0.0	1.0	stimuli/audio/lw1_1.wav		17.0	sentence	3.0	145.0	Allison	1.0
1069	Word	attractive	146.865	0.6600000000000001	english				lw1	0.0	1.0	stimuli/audio/lw1_1.wav		17.0	sentence	4.0	145.0	Allison	1.0
1078	Word	face	147.535	0.3499999999999978	english				lw1	0.0	1.0	stimuli/audio/lw1_1.wav		17.0	sentence	5.0	145.0	Allison	1.0
1082	Word	right	147.895	0.2899999999999991	english				lw1	0.0	1.0	stimuli/audio/lw1_1.wav		17.0	sentence	6.0	145.0	Allison	1.0
1086	Word	now	148.205	0.4400000000000013	english				lw1	0.0	1.0	stimuli/audio/lw1_1.wav		17.0	sentence	7.0	145.0	Allison	1.0
1089	Word	her	148.885	0.240000000000002	english				lw1	0.0	1.0	stimuli/audio/lw1_1.wav		17.0	sentence	8.0	145.0	Allison	1.0
1092	Word	ebony	149.125	0.379999999999999	english				lw1	0.0	1.0	stimuli/audio/lw1_1.wav		17.0	sentence	9.0	145.0	Allison	1.0
1098	Word	eyes	149.505	0.1900000000000012	english				lw1	0.0	1.0	stimuli/audio/lw1_1.wav		17.0	sentence	10.0	145.0	Allison	1.0
1101	Word	by	150.505	0.259999999999998	english				lw1	0.0	1.0	stimuli/audio/lw1_1.wav		17.0	sentence	12.0	145.0	Allison	1.0
1104	Word	hours	150.765	0.4300000000000032	english				lw1	0.0	1.0	stimuli/audio/lw1_1.wav		17.0	sentence	13.0	145.0	Allison	1.0
1108	Word	on	151.195	0.1899999999999977	english				lw1	0.0	1.0	stimuli/audio/lw1_1.wav		17.0	sentence	14.0	145.0	Allison	1.0
1111	Word	the	151.385	0.120000000000001	english				lw1	0.0	1.0	stimuli/audio/lw1_1.wav		17.0	sentence	15.0	145.0	Allison	1.0
1114	Word	watch	151.505	0.6400000000000006	english				lw1	0.0	1.0	stimuli/audio/lw1_1.wav		17.0	sentence	16.0	145.0	Allison	1.0
1118	Word	full	152.405	0.2699999999999996	english				lw1	0.0	1.0	stimuli/audio/lw1_1.wav		17.0	sentence	17.0	145.0	Allison	1.0
1122	Word	lips	152.675	0.4500000000000028	english				lw1	0.0	1.0	stimuli/audio/lw1_1.wav		17.0	sentence	18.0	145.0	Allison	1.0
1127	Word	with	153.405	0.240000000000002	english				lw1	0.0	1.0	stimuli/audio/lw1_1.wav		17.0	sentence	20.0	145.0	Allison	1.0
1131	Word	frustration	153.645	1.1099999999999994	english				lw1	0.0	1.0	stimuli/audio/lw1_1.wav		17.0	sentence	21.0	145.0	Allison	1.0
1142	Word	She	155.075	0.2899999999999991	english				lw1	0.0	1.0	stimuli/audio/lw1_1.wav		18.0	sentence	0.0	145.0	Allison	1.0
1145	Word	had	155.365	0.2300000000000004	english				lw1	0.0	1.0	stimuli/audio/lw1_1.wav		18.0	sentence	1.0	145.0	Allison	1.0
1149	Word	the	155.605	0.139999999999997	english				lw1	0.0	1.0	stimuli/audio/lw1_1.wav		18.0	sentence	2.0	145.0	Allison	1.0
1152	Word	look	155.745	0.259999999999998	english				lw1	0.0	1.0	stimuli/audio/lw1_1.wav		18.0	sentence	3.0	145.0	Allison	1.0
1156	Word	of	156.015	0.1500000000000021	english				lw1	0.0	1.0	stimuli/audio/lw1_1.wav		18.0	sentence	4.0	145.0	Allison	1.0
1159	Word	every	156.175	0.4300000000000032	english				lw1	0.0	1.0	stimuli/audio/lw1_1.wav		18.0	sentence	5.0	145.0	Allison	1.0
1164	Word	leader	156.605	0.3599999999999994	english				lw1	0.0	1.0	stimuli/audio/lw1_1.wav		18.0	sentence	6.0	145.0	Allison	1.0
1169	Word	she	156.965	0.1999999999999993	english				lw1	0.0	1.0	stimuli/audio/lw1_1.wav		18.0	sentence	7.0	145.0	Allison	1.0
1172	Word	had	157.165	0.25	english				lw1	0.0	1.0	stimuli/audio/lw1_1.wav		18.0	sentence	8.0	145.0	Allison	1.0
1176	Word	ever	157.415	0.2699999999999996	english				lw1	0.0	1.0	stimuli/audio/lw1_1.wav		18.0	sentence	9.0	145.0	Allison	1.0
1180	Word	known	157.685	0.5199999999999996	english				lw1	0.0	1.0	stimuli/audio/lw1_1.wav		18.0	sentence	10.0	145.0	Allison	1.0
1184	Word	At	158.795	0.2100000000000008	english				lw1	0.0	1.0	stimuli/audio/lw1_1.wav		19.0	sentence	0.0	145.0	Allison	1.0
1187	Word	six	159.005	0.3399999999999963	english				lw1	0.0	1.0	stimuli/audio/lw1_1.wav		19.0	sentence	1.0	145.0	Allison	1.0
1192	Word	foot	159.345	0.2000000000000028	english				lw1	0.0	1.0	stimuli/audio/lw1_1.wav		19.0	sentence	2.0	145.0	Allison	1.0
1196	Word	two	159.595	0.4300000000000068	english				lw1	0.0	1.0	stimuli/audio/lw1_1.wav		19.0	sentence	3.0	145.0	Allison	1.0
1199	Word	she	160.265	0.2600000000000051	english				lw1	0.0	1.0	stimuli/audio/lw1_1.wav		19.0	sentence	4.0	145.0	Allison	1.0
1202	Word	stood	160.525	0.3299999999999983	english				lw1	0.0	1.0	stimuli/audio/lw1_1.wav		19.0	sentence	5.0	145.0	Allison	1.0
1206	Word	a	160.855	0.0899999999999963	english				lw1	0.0	1.0	stimuli/audio/lw1_1.wav		19.0	sentence	6.0	145.0	Allison	1.0
1209	Word	full	160.945	0.3200000000000003	english				lw1	0.0	1.0	stimuli/audio/lw1_1.wav		19.0	sentence	7.0	145.0	Allison	1.0
1213	Word	head	161.275	0.3199999999999932	english				lw1	0.0	1.0	stimuli/audio/lw1_1.wav		19.0	sentence	8.0	145.0	Allison	1.0
1217	Word	taller	161.595	0.4400000000000048	english				lw1	0.0	1.0	stimuli/audio/lw1_1.wav		19.0	sentence	9.0	145.0	Allison	1.0
1222	Word	than	162.035	0.2299999999999968	english				lw1	0.0	1.0	stimuli/audio/lw1_1.wav		19.0	sentence	10.0	145.0	Allison	1.0
1226	Word	even	162.265	0.3000000000000042	english				lw1	0.0	1.0	stimuli/audio/lw1_1.wav		19.0	sentence	11.0	145.0	Allison	1.0
1231	Word	her	162.565	0.2600000000000051	english				lw1	0.0	1.0	stimuli/audio/lw1_1.wav		19.0	sentence	12.0	145.0	Allison	1.0
1234	Word	first	163.295	0.4799999999999969	english				lw1	0.0	1.0	stimuli/audio/lw1_1.wav		19.0	sentence	14.0	145.0	Allison	1.0
1239	Word	officer	163.785	0.6899999999999977	english				lw1	0.0	1.0	stimuli/audio/lw1_1.wav		19.0	sentence	15.0	145.0	Allison	1.0
1245	Word	than	164.915	0.2700000000000031	english				lw1	0.0	1.0	stimuli/audio/lw1_1.wav		20.0	word_list	0.0	145.0	Allison	1.0
1249	Word	golden	165.185	0.5600000000000023	english				lw1	0.0	1.0	stimuli/audio/lw1_1.wav		20.0	word_list	1.0	145.0	Allison	1.0
1256	Word	craft	165.745	0.4199999999999946	english				lw1	0.0	1.0	stimuli/audio/lw1_1.wav		20.0	word_list	2.0	145.0	Allison	1.0
1262	Word	blew	166.175	0.25	english				lw1	0.0	1.0	stimuli/audio/lw1_1.wav		20.0	word_list	3.0	145.0	Allison	1.0
1266	Word	prepare	166.425	0.519999999999996	english				lw1	0.0	1.0	stimuli/audio/lw1_1.wav		20.0	word_list	4.0	145.0	Allison	1.0
1273	Word	color	166.975	0.3800000000000025	english				lw1	0.0	1.0	stimuli/audio/lw1_1.wav		20.0	word_list	5.0	145.0	Allison	1.0
1278	Word	attractive	167.355	0.6499999999999986	english				lw1	0.0	1.0	stimuli/audio/lw1_1.wav		20.0	word_list	6.0	145.0	Allison	1.0
1287	Word	crew	168.045	0.4399999999999977	english				lw1	0.0	1.0	stimuli/audio/lw1_1.wav		20.0	word_list	7.0	145.0	Allison	1.0
1291	Word	Her	169.315	0.1400000000000005	english				lw1	0.0	1.0	stimuli/audio/lw1_1.wav		21.0	sentence	0.0	145.0	Allison	1.0
1294	Word	expression	170.205	0.6099999999999994	english				lw1	0.0	1.0	stimuli/audio/lw1_1.wav		21.0	sentence	2.0	145.0	Allison	1.0
1304	Word	completed	170.815	0.6499999999999986	english				lw1	0.0	1.0	stimuli/audio/lw1_1.wav		21.0	sentence	3.0	145.0	Allison	1.0
1314	Word	the	171.465	0.1299999999999954	english				lw1	0.0	1.0	stimuli/audio/lw1_1.wav		21.0	sentence	4.0	145.0	Allison	1.0
1317	Word	imposing	171.595	0.6600000000000037	english				lw1	0.0	1.0	stimuli/audio/lw1_1.wav		21.0	sentence	5.0	145.0	Allison	1.0
1325	Word	effect	172.255	0.6300000000000026	english				lw1	0.0	1.0	stimuli/audio/lw1_1.wav		21.0	sentence	6.0	145.0	Allison	1.0
1331	Word	She	173.305	0.2300000000000039	english				lw1	0.0	1.0	stimuli/audio/lw1_1.wav		22.0	sentence	0.0	145.0	Allison	1.0
1334	Word	picked	173.535	0.3300000000000054	english				lw1	0.0	1.0	stimuli/audio/lw1_1.wav		22.0	sentence	1.0	145.0	Allison	1.0
1339	Word	imaginary	173.865	0.8399999999999963	english				lw1	0.0	1.0	stimuli/audio/lw1_1.wav		22.0	sentence	2.0	145.0	Allison	1.0
1349	Word	flecks	174.705	0.3999999999999986	english				lw1	0.0	1.0	stimuli/audio/lw1_1.wav		22.0	sentence	3.0	145.0	Allison	1.0
1355	Word	off	175.105	0.25	english				lw1	0.0	1.0	stimuli/audio/lw1_1.wav		22.0	sentence	4.0	145.0	Allison	1.0
1358	Word	her	175.375	0.1900000000000048	english				lw1	0.0	1.0	stimuli/audio/lw1_1.wav		22.0	sentence	5.0	145.0	Allison	1.0
1361	Word	stark	175.565	0.4499999999999957	english				lw1	0.0	1.0	stimuli/audio/lw1_1.wav		22.0	sentence	6.0	145.0	Allison	1.0
1367	Word	gray	176.025	0.269999999999996	english				lw1	0.0	1.0	stimuli/audio/lw1_1.wav		22.0	sentence	7.0	145.0	Allison	1.0
1371	Word	jumpsuit	176.295	0.7999999999999972	english				lw1	0.0	1.0	stimuli/audio/lw1_1.wav		22.0	sentence	8.0	145.0	Allison	1.0
1379	Word	and	177.305	0.2000000000000028	english				lw1	0.0	1.0	stimuli/audio/lw1_1.wav		22.0	sentence	9.0	145.0	Allison	1.0
1383	Word	snorted	177.505	0.6199999999999974	english				lw1	0.0	1.0	stimuli/audio/lw1_1.wav		22.0	sentence	10.0	145.0	Allison	1.0
1391	Word	You	179.235	0.2199999999999988	english				lw1	0.0	1.0	stimuli/audio/lw1_1.wav		23.0	sentence	0.0	145.0	Allison	1.0
1394	Word	look	179.455	0.2199999999999988	english				lw1	0.0	1.0	stimuli/audio/lw1_1.wav		23.0	sentence	1.0	145.0	Allison	1.0
1398	Word	like	179.675	0.259999999999998	english				lw1	0.0	1.0	stimuli/audio/lw1_1.wav		23.0	sentence	2.0	145.0	Allison	1.0
1402	Word	hell	179.935	0.4399999999999977	english				lw1	0.0	1.0	stimuli/audio/lw1_1.wav		23.0	sentence	3.0	145.0	Allison	1.0
1406	Word	Tar	180.665	0.0300000000000011	english				lw1	0.0	1.0	stimuli/audio/lw1_1.wav		23.0	sentence	4.0	145.0	Allison	1.0
1410	Word	blow	182.625	0.2899999999999991	english				lw1	0.0	1.0	stimuli/audio/lw1_1.wav		24.0	sentence	2.0	145.0	Allison	1.0
1414	Word	this	182.915	0.5200000000000031	english				lw1	0.0	1.0	stimuli/audio/lw1_1.wav		24.0	sentence	3.0	145.0	Allison	1.0
1418	Word	let	184.645	0.25	english				lw1	0.0	1.0	stimuli/audio/lw1_1.wav		25.0	sentence	2.0	145.0	Allison	1.0
1422	Word	fatigue	184.895	0.4399999999999977	english				lw1	0.0	1.0	stimuli/audio/lw1_1.wav		25.0	sentence	3.0	145.0	Allison	1.0
1428	Word	get	185.355	0.259999999999998	english				lw1	0.0	1.0	stimuli/audio/lw1_1.wav		25.0	sentence	4.0	145.0	Allison	1.0
1432	Word	to	185.615	0.1300000000000025	english				lw1	0.0	1.0	stimuli/audio/lw1_1.wav		25.0	sentence	5.0	145.0	Allison	1.0
1435	Word	you	185.745	0.3799999999999954	english				lw1	0.0	1.0	stimuli/audio/lw1_1.wav		25.0	sentence	6.0	145.0	Allison	1.0
1438	Word	She	187.115	0.2000000000000028	english				lw1	0.0	1.0	stimuli/audio/lw1_1.wav		26.0	sentence	0.0	145.0	Allison	1.0
1441	Word	used	187.315	0.3499999999999943	english				lw1	0.0	1.0	stimuli/audio/lw1_1.wav		26.0	sentence	1.0	145.0	Allison	1.0
1446	Word	the	187.675	0.1400000000000005	english				lw1	0.0	1.0	stimuli/audio/lw1_1.wav		26.0	sentence	2.0	145.0	Allison	1.0
1449	Word	discretion	187.815	0.6899999999999977	english				lw1	0.0	1.0	stimuli/audio/lw1_1.wav		26.0	sentence	3.0	145.0	Allison	1.0
1459	Word	of	188.505	0.1700000000000017	english				lw1	0.0	1.0	stimuli/audio/lw1_1.wav		26.0	sentence	4.0	145.0	Allison	1.0
1462	Word	the	188.675	0.1000000000000014	english				lw1	0.0	1.0	stimuli/audio/lw1_1.wav		26.0	sentence	5.0	145.0	Allison	1.0
1465	Word	mirrored	188.775	0.4199999999999946	english				lw1	0.0	1.0	stimuli/audio/lw1_1.wav		26.0	sentence	6.0	145.0	Allison	1.0
1471	Word	window	189.195	0.25	english				lw1	0.0	1.0	stimuli/audio/lw1_1.wav		26.0	sentence	7.0	145.0	Allison	1.0
1477	Word	to	194.895	0.1500000000000056	english				lw1	0.0	1.0	stimuli/audio/lw1_1.wav		26.0	sentence	8.0	145.0	Allison	1.0
1480	Word	to	198.155	0.1500000000000056	english				lw1	0.0	1.0	stimuli/audio/lw1_1.wav		27.0	sentence	5.0	145.0	Allison	1.0
1483	Word	defy	198.305	0.4399999999999977	english				lw1	0.0	1.0	stimuli/audio/lw1_1.wav		27.0	sentence	16.0	145.0	Allison	1.0
1488	Word	United	198.745	0.5799999999999983	english				lw1	0.0	1.0	stimuli/audio/lw1_1.wav		27.0	sentence	17.0	145.0	Allison	1.0
1496	Word	Earth	199.325	0.269999999999996	english				lw1	0.0	1.0	stimuli/audio/lw1_1.wav		27.0	sentence	18.0	145.0	Allison	1.0
1499	Word	Command	199.625	0.5900000000000034	english				lw1	0.0	1.0	stimuli/audio/lw1_1.wav		27.0	sentence	19.0	145.0	Allison	1.0
1506	Word	and	200.225	0.2600000000000051	english				lw1	0.0	1.0	stimuli/audio/lw1_1.wav		27.0	sentence	20.0	145.0	Allison	1.0
1510	Word	sever	200.485	0.4500000000000028	english				lw1	0.0	1.0	stimuli/audio/lw1_1.wav		27.0	sentence	21.0	145.0	Allison	1.0
1515	Word	all	200.975	0.2800000000000011	english				lw1	0.0	1.0	stimuli/audio/lw1_1.wav		27.0	sentence	22.0	145.0	Allison	1.0
1518	Word	ties	201.265	0.4599999999999937	english				lw1	0.0	1.0	stimuli/audio/lw1_1.wav		27.0	sentence	23.0	145.0	Allison	1.0
1522	Word	from	201.725	0.3000000000000113	english				lw1	0.0	1.0	stimuli/audio/lw1_1.wav		27.0	sentence	24.0	145.0	Allison	1.0
1527	Word	Earth	202.025	0.1799999999999926	english				lw1	0.0	1.0	stimuli/audio/lw1_1.wav		27.0	sentence	25.0	145.0	Allison	1.0
1529	Text	She watched the psi bob her head , unaware of the rest of the bridge , shaking blonde curls as she chattered away with the approaching psi relay on Mason's ship . She seemed so depthless - self conscious and shallow on the outside , but having that incredible gift . There had to be more to her . Well , if she didn't pan out , she'd be terminated . Any crew etuly member that would jeopardize the project was meat . It would be a shame to lose that talent , though . Rakal , her first officer , was staring pensively at his panel . Color psychic metals system which for all charges if this discretion meat any insurrection air member 2 . He was what this was all about . She watched his graceful fingers ending in thick black claws tap out calculations on the panel . His pointed ears swiveled back and forth , catching every sound from the wond bridge , while his long tail swished to the rhythm of his thoughts . Only those of the Arrallin Insurrection inner team knew he was awop no common beta furry . His silken fur , belis which would be tawny golden and striped with jet black bands , was dyed perfectly to a pure black , and his mane trimmed and thinned as to be indistinguishable from the rest of his coat . His eyes had been treated and darkened to a rich purple to disguise the brilliant golden yellow color that would mark him as an Alpha Arrallin , and leader of his hive .	210.048	93.7512925170068	english														
1530	Sound		210.048	93.7512925170068		/Users/dimaalyahya/Downloads/Code/neural_data/Gwilliams2022/download/stimuli/audio/lw1_2.wav	22050.0	0.0											
1532	Word	She	210.058	0.19	english				lw1	0.0	2.0	stimuli/audio/lw1_2.wav		28.0	sentence	0.0	145.0	Allison	1.0
1535	Word	watched	210.248	0.52	english				lw1	0.0	2.0	stimuli/audio/lw1_2.wav		28.0	sentence	1.0	145.0	Allison	1.0
1540	Word	the	210.788	0.14	english				lw1	0.0	2.0	stimuli/audio/lw1_2.wav		28.0	sentence	2.0	145.0	Allison	1.0
1543	Word	psi	210.928	0.2400000000000001	english				lw1	0.0	2.0	stimuli/audio/lw1_2.wav		28.0	sentence	3.0	145.0	Allison	1.0
1546	Word	bob	211.168	0.3399999999999998	english				lw1	0.0	2.0	stimuli/audio/lw1_2.wav		28.0	sentence	4.0	145.0	Allison	1.0
1550	Word	her	211.518	0.1699999999999999	english				lw1	0.0	2.0	stimuli/audio/lw1_2.wav		28.0	sentence	5.0	145.0	Allison	1.0
1553	Word	head	211.688	0.3699999999999999	english				lw1	0.0	2.0	stimuli/audio/lw1_2.wav		28.0	sentence	6.0	145.0	Allison	1.0
1557	Word	unaware	212.298	0.4700000000000002	english				lw1	0.0	2.0	stimuli/audio/lw1_2.wav		28.0	sentence	7.0	145.0	Allison	1.0
1564	Word	of	212.768	0.1699999999999999	english				lw1	0.0	2.0	stimuli/audio/lw1_2.wav		28.0	sentence	8.0	145.0	Allison	1.0
1567	Word	the	212.938	0.1199999999999996	english				lw1	0.0	2.0	stimuli/audio/lw1_2.wav		28.0	sentence	9.0	145.0	Allison	1.0
1570	Word	rest	213.058	0.3200000000000003	english				lw1	0.0	2.0	stimuli/audio/lw1_2.wav		28.0	sentence	10.0	145.0	Allison	1.0
1575	Word	of	213.378	0.1400000000000001	english				lw1	0.0	2.0	stimuli/audio/lw1_2.wav		28.0	sentence	11.0	145.0	Allison	1.0
1578	Word	the	213.518	0.0799999999999996	english				lw1	0.0	2.0	stimuli/audio/lw1_2.wav		28.0	sentence	12.0	145.0	Allison	1.0
1581	Word	bridge	213.598	0.4599999999999999	english				lw1	0.0	2.0	stimuli/audio/lw1_2.wav		28.0	sentence	13.0	145.0	Allison	1.0
1586	Word	shaking	214.278	0.5499999999999998	english				lw1	0.0	2.0	stimuli/audio/lw1_2.wav		28.0	sentence	14.0	145.0	Allison	1.0
1592	Word	blonde	214.838	0.3200000000000003	english				lw1	0.0	2.0	stimuli/audio/lw1_2.wav		28.0	sentence	15.0	145.0	Allison	1.0
1598	Word	curls	215.158	0.3599999999999994	english				lw1	0.0	2.0	stimuli/audio/lw1_2.wav		28.0	sentence	16.0	145.0	Allison	1.0
1603	Word	as	215.518	0.1200000000000001	english				lw1	0.0	2.0	stimuli/audio/lw1_2.wav		28.0	sentence	17.0	145.0	Allison	1.0
1606	Word	she	215.638	0.2599999999999998	english				lw1	0.0	2.0	stimuli/audio/lw1_2.wav		28.0	sentence	18.0	145.0	Allison	1.0
1609	Word	away	216.408	0.2699999999999996	english				lw1	0.0	2.0	stimuli/audio/lw1_2.wav		28.0	sentence	20.0	145.0	Allison	1.0
1613	Word	with	216.678	0.1900000000000004	english				lw1	0.0	2.0	stimuli/audio/lw1_2.wav		28.0	sentence	21.0	145.0	Allison	1.0
1617	Word	the	216.868	0.1799999999999997	english				lw1	0.0	2.0	stimuli/audio/lw1_2.wav		28.0	sentence	22.0	145.0	Allison	1.0
1620	Word	approaching	217.048	0.6699999999999999	english				lw1	0.0	2.0	stimuli/audio/lw1_2.wav		28.0	sentence	23.0	145.0	Allison	1.0
1628	Word	psi	217.718	0.3900000000000005	english				lw1	0.0	2.0	stimuli/audio/lw1_2.wav		28.0	sentence	24.0	145.0	Allison	1.0
1631	Word	relay	218.108	0.3800000000000008	english				lw1	0.0	2.0	stimuli/audio/lw1_2.wav		28.0	sentence	25.0	145.0	Allison	1.0
1636	Word	on	218.488	0.1600000000000001	english				lw1	0.0	2.0	stimuli/audio/lw1_2.wav		28.0	sentence	26.0	145.0	Allison	1.0
1639	Word	ship	219.148	0.5	english				lw1	0.0	2.0	stimuli/audio/lw1_2.wav		28.0	sentence	29.0	145.0	Allison	1.0
1643	Word	She	220.108	0.2700000000000013	english				lw1	0.0	2.0	stimuli/audio/lw1_2.wav		29.0	sentence	0.0	145.0	Allison	1.0
1646	Word	seemed	220.378	0.3699999999999992	english				lw1	0.0	2.0	stimuli/audio/lw1_2.wav		29.0	sentence	1.0	145.0	Allison	1.0
1651	Word	so	220.748	0.2900000000000009	english				lw1	0.0	2.0	stimuli/audio/lw1_2.wav		29.0	sentence	2.0	145.0	Allison	1.0
1654	Word	self	222.108	0.4400000000000013	english				lw1	0.0	2.0	stimuli/audio/lw1_2.wav		29.0	sentence	4.0	145.0	Allison	1.0
1659	Word	conscious	222.548	0.5800000000000001	english				lw1	0.0	2.0	stimuli/audio/lw1_2.wav		29.0	sentence	5.0	145.0	Allison	1.0
1666	Word	and	223.128	0.2400000000000002	english				lw1	0.0	2.0	stimuli/audio/lw1_2.wav		29.0	sentence	6.0	145.0	Allison	1.0
1670	Word	shallow	223.368	0.4399999999999995	english				lw1	0.0	2.0	stimuli/audio/lw1_2.wav		29.0	sentence	7.0	145.0	Allison	1.0
1675	Word	on	223.808	0.2299999999999986	english				lw1	0.0	2.0	stimuli/audio/lw1_2.wav		29.0	sentence	8.0	145.0	Allison	1.0
1678	Word	the	224.038	0.1999999999999993	english				lw1	0.0	2.0	stimuli/audio/lw1_2.wav		29.0	sentence	9.0	145.0	Allison	1.0
1681	Word	outside	224.238	0.7900000000000009	english				lw1	0.0	2.0	stimuli/audio/lw1_2.wav		29.0	sentence	10.0	145.0	Allison	1.0
1687	Word	but	225.248	0.2800000000000011	english				lw1	0.0	2.0	stimuli/audio/lw1_2.wav		29.0	sentence	11.0	145.0	Allison	1.0
1691	Word	having	225.538	0.3499999999999996	english				lw1	0.0	2.0	stimuli/audio/lw1_2.wav		29.0	sentence	12.0	145.0	Allison	1.0
1697	Word	that	225.888	0.209999999999999	english				lw1	0.0	2.0	stimuli/audio/lw1_2.wav		29.0	sentence	13.0	145.0	Allison	1.0
1701	Word	incredible	226.098	0.6900000000000013	english				lw1	0.0	2.0	stimuli/audio/lw1_2.wav		29.0	sentence	14.0	145.0	Allison	1.0
1712	Word	gift	226.788	0.490000000000002	english				lw1	0.0	2.0	stimuli/audio/lw1_2.wav		29.0	sentence	15.0	145.0	Allison	1.0
1717	Word	There	227.718	0.2999999999999971	english				lw1	0.0	2.0	stimuli/audio/lw1_2.wav		30.0	sentence	0.0	145.0	Allison	1.0
1721	Word	had	228.018	0.2799999999999976	english				lw1	0.0	2.0	stimuli/audio/lw1_2.wav		30.0	sentence	1.0	145.0	Allison	1.0
1725	Word	to	228.298	0.1099999999999994	english				lw1	0.0	2.0	stimuli/audio/lw1_2.wav		30.0	sentence	2.0	145.0	Allison	1.0
1728	Word	be	228.408	0.1400000000000005	english				lw1	0.0	2.0	stimuli/audio/lw1_2.wav		30.0	sentence	3.0	145.0	Allison	1.0
1731	Word	more	228.548	0.25	english				lw1	0.0	2.0	stimuli/audio/lw1_2.wav		30.0	sentence	4.0	145.0	Allison	1.0
1735	Word	to	228.798	0.1799999999999997	english				lw1	0.0	2.0	stimuli/audio/lw1_2.wav		30.0	sentence	5.0	145.0	Allison	1.0
1738	Word	her	228.978	0.3399999999999998	english				lw1	0.0	2.0	stimuli/audio/lw1_2.wav		30.0	sentence	6.0	145.0	Allison	1.0
1741	Word	Well	229.918	0.5199999999999996	english				lw1	0.0	2.0	stimuli/audio/lw1_2.wav		31.0	sentence	0.0	145.0	Allison	1.0
1745	Word	if	230.638	0.1700000000000017	english				lw1	0.0	2.0	stimuli/audio/lw1_2.wav		31.0	sentence	1.0	145.0	Allison	1.0
1748	Word	she	230.808	0.2199999999999988	english				lw1	0.0	2.0	stimuli/audio/lw1_2.wav		31.0	sentence	2.0	145.0	Allison	1.0
1751	Word	pan	231.418	0.3999999999999986	english				lw1	0.0	2.0	stimuli/audio/lw1_2.wav		31.0	sentence	5.0	145.0	Allison	1.0
1755	Word	out	231.818	0.379999999999999	english				lw1	0.0	2.0	stimuli/audio/lw1_2.wav		31.0	sentence	6.0	145.0	Allison	1.0
1758	Word	be	232.728	0.1700000000000017	english				lw1	0.0	2.0	stimuli/audio/lw1_2.wav		31.0	sentence	9.0	145.0	Allison	1.0
1761	Word	terminated	232.898	0.8200000000000003	english				lw1	0.0	2.0	stimuli/audio/lw1_2.wav		31.0	sentence	10.0	145.0	Allison	1.0
1771	Word	Any	234.828	0.3399999999999998	english				lw1	0.0	2.0	stimuli/audio/lw1_2.wav		32.0	sentence	0.0	145.0	Allison	1.0
1775	Word	crew	235.168	0.259999999999998	english				lw1	0.0	2.0	stimuli/audio/lw1_2.wav		32.0	sentence	1.0	145.0	Allison	1.0
1779	Word	member	235.948	0.3399999999999998	english				lw1	0.0	2.0	stimuli/audio/lw1_2.wav		32.0	sentence	2.0	145.0	Allison	1.0
1785	Word	that	236.288	0.2100000000000008	english				lw1	0.0	2.0	stimuli/audio/lw1_2.wav		32.0	sentence	3.0	145.0	Allison	1.0
1789	Word	would	236.498	0.1999999999999993	english				lw1	0.0	2.0	stimuli/audio/lw1_2.wav		32.0	sentence	4.0	145.0	Allison	1.0
1793	Word	jeopardize	236.698	0.75	english				lw1	0.0	2.0	stimuli/audio/lw1_2.wav		32.0	sentence	5.0	145.0	Allison	1.0
1801	Word	the	237.448	0.1300000000000025	english				lw1	0.0	2.0	stimuli/audio/lw1_2.wav		32.0	sentence	6.0	145.0	Allison	1.0
1804	Word	project	237.578	0.5700000000000003	english				lw1	0.0	2.0	stimuli/audio/lw1_2.wav		32.0	sentence	7.0	145.0	Allison	1.0
1812	Word	was	238.208	0.2100000000000008	english				lw1	0.0	2.0	stimuli/audio/lw1_2.wav		32.0	sentence	8.0	145.0	Allison	1.0
1816	Word	meat	238.428	0.5199999999999996	english				lw1	0.0	2.0	stimuli/audio/lw1_2.wav		32.0	sentence	9.0	145.0	Allison	1.0
1820	Word	It	239.218	0.1699999999999981	english				lw1	0.0	2.0	stimuli/audio/lw1_2.wav		33.0	sentence	0.0	145.0	Allison	1.0
1823	Word	would	239.388	0.1700000000000017	english				lw1	0.0	2.0	stimuli/audio/lw1_2.wav		33.0	sentence	1.0	145.0	Allison	1.0
1827	Word	be	239.568	0.2199999999999988	english				lw1	0.0	2.0	stimuli/audio/lw1_2.wav		33.0	sentence	2.0	145.0	Allison	1.0
1829	Word	a	239.788	0.0700000000000002	english				lw1	0.0	2.0	stimuli/audio/lw1_2.wav		33.0	sentence	3.0	145.0	Allison	1.0
1832	Word	shame	239.858	0.389999999999997	english				lw1	0.0	2.0	stimuli/audio/lw1_2.wav		33.0	sentence	4.0	145.0	Allison	1.0
1836	Word	to	240.248	0.1700000000000017	english				lw1	0.0	2.0	stimuli/audio/lw1_2.wav		33.0	sentence	5.0	145.0	Allison	1.0
1839	Word	lose	240.418	0.3200000000000003	english				lw1	0.0	2.0	stimuli/audio/lw1_2.wav		33.0	sentence	6.0	145.0	Allison	1.0
1843	Word	that	240.738	0.1999999999999993	english				lw1	0.0	2.0	stimuli/audio/lw1_2.wav		33.0	sentence	7.0	145.0	Allison	1.0
1847	Word	talent	240.948	0.6300000000000026	english				lw1	0.0	2.0	stimuli/audio/lw1_2.wav		33.0	sentence	8.0	145.0	Allison	1.0
1854	Word	though	241.828	0.490000000000002	english				lw1	0.0	2.0	stimuli/audio/lw1_2.wav		33.0	sentence	9.0	145.0	Allison	1.0
1857	Word	her	243.878	0.2000000000000028	english				lw1	0.0	2.0	stimuli/audio/lw1_2.wav		34.0	sentence	1.0	145.0	Allison	1.0
1860	Word	first	244.078	0.3900000000000005	english				lw1	0.0	2.0	stimuli/audio/lw1_2.wav		34.0	sentence	2.0	145.0	Allison	1.0
1865	Word	officer	244.468	0.8200000000000003	english				lw1	0.0	2.0	stimuli/audio/lw1_2.wav		34.0	sentence	3.0	145.0	Allison	1.0
1871	Word	was	245.478	0.2299999999999968	english				lw1	0.0	2.0	stimuli/audio/lw1_2.wav		34.0	sentence	4.0	145.0	Allison	1.0
1875	Word	staring	245.718	0.5300000000000011	english				lw1	0.0	2.0	stimuli/audio/lw1_2.wav		34.0	sentence	5.0	145.0	Allison	1.0
1882	Word	at	247.048	0.0200000000000031	english				lw1	0.0	2.0	stimuli/audio/lw1_2.wav		34.0	sentence	7.0	145.0	Allison	1.0
1885	Word	his	247.068	0.1599999999999966	english				lw1	0.0	2.0	stimuli/audio/lw1_2.wav		34.0	sentence	8.0	145.0	Allison	1.0
1889	Word	panel	247.228	0.5900000000000034	english				lw1	0.0	2.0	stimuli/audio/lw1_2.wav		34.0	sentence	9.0	145.0	Allison	1.0
1895	Word	color	248.578	0.3799999999999954	english				lw1	0.0	2.0	stimuli/audio/lw1_2.wav		35.0	word_list	0.0	145.0	Allison	1.0
1900	Word	psychic	248.958	0.5300000000000011	english				lw1	0.0	2.0	stimuli/audio/lw1_2.wav		35.0	word_list	1.0	145.0	Allison	1.0
1906	Word	metals	249.488	0.3599999999999994	english				lw1	0.0	2.0	stimuli/audio/lw1_2.wav		35.0	word_list	2.0	145.0	Allison	1.0
1913	Word	system	249.858	0.5399999999999991	english				lw1	0.0	2.0	stimuli/audio/lw1_2.wav		35.0	word_list	3.0	145.0	Allison	1.0
1920	Word	which	250.398	0.2800000000000011	english				lw1	0.0	2.0	stimuli/audio/lw1_2.wav		35.0	word_list	4.0	145.0	Allison	1.0
1924	Word	for	250.688	0.2000000000000028	english				lw1	0.0	2.0	stimuli/audio/lw1_2.wav		35.0	word_list	5.0	145.0	Allison	1.0
1927	Word	all	250.888	0.25	english				lw1	0.0	2.0	stimuli/audio/lw1_2.wav		35.0	word_list	6.0	145.0	Allison	1.0
1930	Word	charges	251.158	0.5799999999999983	english				lw1	0.0	2.0	stimuli/audio/lw1_2.wav		35.0	word_list	7.0	145.0	Allison	1.0
1937	Word	if	251.738	0.1700000000000017	english				lw1	0.0	2.0	stimuli/audio/lw1_2.wav		35.0	word_list	8.0	145.0	Allison	1.0
1940	Word	this	251.908	0.1799999999999997	english				lw1	0.0	2.0	stimuli/audio/lw1_2.wav		35.0	word_list	9.0	145.0	Allison	1.0
1944	Word	discretion	252.088	0.7100000000000009	english				lw1	0.0	2.0	stimuli/audio/lw1_2.wav		35.0	word_list	10.0	145.0	Allison	1.0
1954	Word	meat	252.798	0.2800000000000011	english				lw1	0.0	2.0	stimuli/audio/lw1_2.wav		35.0	word_list	11.0	145.0	Allison	1.0
1958	Word	any	253.078	0.3100000000000023	english				lw1	0.0	2.0	stimuli/audio/lw1_2.wav		35.0	word_list	12.0	145.0	Allison	1.0
1962	Word	insurrection	253.388	0.759999999999998	english				lw1	0.0	2.0	stimuli/audio/lw1_2.wav		35.0	word_list	13.0	145.0	Allison	1.0
1972	Word	air	254.148	0.2200000000000059	english				lw1	0.0	2.0	stimuli/audio/lw1_2.wav		35.0	word_list	14.0	145.0	Allison	1.0
1975	Word	member	254.368	0.4500000000000028	english				lw1	0.0	2.0	stimuli/audio/lw1_2.wav		35.0	word_list	15.0	145.0	Allison	1.0
1981	Word	He	256.248	0.1899999999999977	english				lw1	0.0	2.0	stimuli/audio/lw1_2.wav		36.0	sentence	0.0	145.0	Allison	1.0
1984	Word	was	256.438	0.2099999999999937	english				lw1	0.0	2.0	stimuli/audio/lw1_2.wav		36.0	sentence	1.0	145.0	Allison	1.0
1988	Word	what	256.648	0.2000000000000028	english				lw1	0.0	2.0	stimuli/audio/lw1_2.wav		36.0	sentence	2.0	145.0	Allison	1.0
1992	Word	this	256.878	0.2600000000000051	english				lw1	0.0	2.0	stimuli/audio/lw1_2.wav		36.0	sentence	3.0	145.0	Allison	1.0
1996	Word	was	257.138	0.2199999999999988	english				lw1	0.0	2.0	stimuli/audio/lw1_2.wav		36.0	sentence	4.0	145.0	Allison	1.0
2000	Word	all	257.358	0.2100000000000008	english				lw1	0.0	2.0	stimuli/audio/lw1_2.wav		36.0	sentence	5.0	145.0	Allison	1.0
2003	Word	about	257.578	0.5799999999999983	english				lw1	0.0	2.0	stimuli/audio/lw1_2.wav		36.0	sentence	6.0	145.0	Allison	1.0
2008	Word	She	258.778	0.2200000000000059	english				lw1	0.0	2.0	stimuli/audio/lw1_2.wav		37.0	sentence	0.0	145.0	Allison	1.0
2011	Word	watched	258.998	0.5	english				lw1	0.0	2.0	stimuli/audio/lw1_2.wav		37.0	sentence	1.0	145.0	Allison	1.0
2016	Word	his	259.508	0.2999999999999971	english				lw1	0.0	2.0	stimuli/audio/lw1_2.wav		37.0	sentence	2.0	145.0	Allison	1.0
2020	Word	graceful	259.808	0.6000000000000014	english				lw1	0.0	2.0	stimuli/audio/lw1_2.wav		37.0	sentence	3.0	145.0	Allison	1.0
2028	Word	fingers	260.408	0.5499999999999972	english				lw1	0.0	2.0	stimuli/audio/lw1_2.wav		37.0	sentence	4.0	145.0	Allison	1.0
2035	Word	ending	260.978	0.4499999999999957	english				lw1	0.0	2.0	stimuli/audio/lw1_2.wav		37.0	sentence	5.0	145.0	Allison	1.0
2041	Word	in	261.428	0.1799999999999997	english				lw1	0.0	2.0	stimuli/audio/lw1_2.wav		37.0	sentence	6.0	145.0	Allison	1.0
2044	Word	thick	261.608	0.3100000000000023	english				lw1	0.0	2.0	stimuli/audio/lw1_2.wav		37.0	sentence	7.0	145.0	Allison	1.0
2048	Word	black	261.928	0.3599999999999994	english				lw1	0.0	2.0	stimuli/audio/lw1_2.wav		37.0	sentence	8.0	145.0	Allison	1.0
2053	Word	claws	262.298	0.4099999999999966	english				lw1	0.0	2.0	stimuli/audio/lw1_2.wav		37.0	sentence	9.0	145.0	Allison	1.0
2058	Word	tap	262.728	0.2999999999999971	english				lw1	0.0	2.0	stimuli/audio/lw1_2.wav		37.0	sentence	10.0	145.0	Allison	1.0
2062	Word	out	263.028	0.2100000000000008	english				lw1	0.0	2.0	stimuli/audio/lw1_2.wav		37.0	sentence	11.0	145.0	Allison	1.0
2065	Word	calculations	263.238	1.0499999999999972	english				lw1	0.0	2.0	stimuli/audio/lw1_2.wav		37.0	sentence	12.0	145.0	Allison	1.0
2078	Word	on	264.288	0.2100000000000008	english				lw1	0.0	2.0	stimuli/audio/lw1_2.wav		37.0	sentence	13.0	145.0	Allison	1.0
2081	Word	the	264.498	0.1099999999999994	english				lw1	0.0	2.0	stimuli/audio/lw1_2.wav		37.0	sentence	14.0	145.0	Allison	1.0
2084	Word	panel	264.638	0.5599999999999952	english				lw1	0.0	2.0	stimuli/audio/lw1_2.wav		37.0	sentence	15.0	145.0	Allison	1.0
2090	Word	His	265.918	0.240000000000002	english				lw1	0.0	2.0	stimuli/audio/lw1_2.wav		38.0	sentence	0.0	145.0	Allison	1.0
2094	Word	pointed	266.168	0.5200000000000031	english				lw1	0.0	2.0	stimuli/audio/lw1_2.wav		38.0	sentence	1.0	145.0	Allison	1.0
2101	Word	ears	266.688	0.3100000000000023	english				lw1	0.0	2.0	stimuli/audio/lw1_2.wav		38.0	sentence	2.0	145.0	Allison	1.0
2105	Word	back	267.388	0.3699999999999974	english				lw1	0.0	2.0	stimuli/audio/lw1_2.wav		38.0	sentence	4.0	145.0	Allison	1.0
2109	Word	and	267.758	0.1799999999999997	english				lw1	0.0	2.0	stimuli/audio/lw1_2.wav		38.0	sentence	5.0	145.0	Allison	1.0
2113	Word	forth	267.938	0.5600000000000023	english				lw1	0.0	2.0	stimuli/audio/lw1_2.wav		38.0	sentence	6.0	145.0	Allison	1.0
2118	Word	catching	268.748	0.5700000000000003	english				lw1	0.0	2.0	stimuli/audio/lw1_2.wav		38.0	sentence	7.0	145.0	Allison	1.0
2124	Word	every	269.318	0.3899999999999934	english				lw1	0.0	2.0	stimuli/audio/lw1_2.wav		38.0	sentence	8.0	145.0	Allison	1.0
2129	Word	sound	269.708	0.3600000000000065	english				lw1	0.0	2.0	stimuli/audio/lw1_2.wav		38.0	sentence	9.0	145.0	Allison	1.0
2134	Word	from	270.078	0.2100000000000008	english				lw1	0.0	2.0	stimuli/audio/lw1_2.wav		38.0	sentence	10.0	145.0	Allison	1.0
2138	Word	the	270.288	0.1199999999999974	english				lw1	0.0	2.0	stimuli/audio/lw1_2.wav		38.0	sentence	11.0	145.0	Allison	1.0
2141	Word	bridge	270.748	0.4599999999999937	english				lw1	0.0	2.0	stimuli/audio/lw1_2.wav		38.0	sentence	12.0	145.0	Allison	1.0
2146	Word	while	271.398	0.4399999999999977	english				lw1	0.0	2.0	stimuli/audio/lw1_2.wav		38.0	sentence	13.0	145.0	Allison	1.0
2150	Word	his	271.838	0.2199999999999988	english				lw1	0.0	2.0	stimuli/audio/lw1_2.wav		38.0	sentence	14.0	145.0	Allison	1.0
2154	Word	long	272.058	0.3500000000000014	english				lw1	0.0	2.0	stimuli/audio/lw1_2.wav		38.0	sentence	15.0	145.0	Allison	1.0
2158	Word	tail	272.438	0.3299999999999983	english				lw1	0.0	2.0	stimuli/audio/lw1_2.wav		38.0	sentence	16.0	145.0	Allison	1.0
2162	Word	swished	272.768	0.3999999999999986	english				lw1	0.0	2.0	stimuli/audio/lw1_2.wav		38.0	sentence	17.0	145.0	Allison	1.0
2168	Word	to	273.178	0.1299999999999954	english				lw1	0.0	2.0	stimuli/audio/lw1_2.wav		38.0	sentence	18.0	145.0	Allison	1.0
2171	Word	the	273.308	0.1300000000000025	english				lw1	0.0	2.0	stimuli/audio/lw1_2.wav		38.0	sentence	19.0	145.0	Allison	1.0
2174	Word	rhythm	273.438	0.3499999999999943	english				lw1	0.0	2.0	stimuli/audio/lw1_2.wav		38.0	sentence	20.0	145.0	Allison	1.0
2180	Word	of	273.788	0.1599999999999966	english				lw1	0.0	2.0	stimuli/audio/lw1_2.wav		38.0	sentence	21.0	145.0	Allison	1.0
2183	Word	his	273.948	0.1699999999999946	english				lw1	0.0	2.0	stimuli/audio/lw1_2.wav		38.0	sentence	22.0	145.0	Allison	1.0
2187	Word	thoughts	274.128	0.5900000000000034	english				lw1	0.0	2.0	stimuli/audio/lw1_2.wav		38.0	sentence	23.0	145.0	Allison	1.0
2192	Word	Only	275.888	0.3599999999999994	english				lw1	0.0	2.0	stimuli/audio/lw1_2.wav		39.0	sentence	0.0	145.0	Allison	1.0
2197	Word	those	276.248	0.2800000000000011	english				lw1	0.0	2.0	stimuli/audio/lw1_2.wav		39.0	sentence	1.0	145.0	Allison	1.0
2201	Word	of	276.528	0.1799999999999926	english				lw1	0.0	2.0	stimuli/audio/lw1_2.wav		39.0	sentence	2.0	145.0	Allison	1.0
2204	Word	the	276.708	0.1800000000000068	english				lw1	0.0	2.0	stimuli/audio/lw1_2.wav		39.0	sentence	3.0	145.0	Allison	1.0
2207	Word	Insurrection	277.348	0.8100000000000023	english				lw1	0.0	2.0	stimuli/audio/lw1_2.wav		39.0	sentence	5.0	145.0	Allison	1.0
2217	Word	inner	278.158	0.269999999999996	english				lw1	0.0	2.0	stimuli/audio/lw1_2.wav		39.0	sentence	6.0	145.0	Allison	1.0
2221	Word	team	278.428	0.3800000000000096	english				lw1	0.0	2.0	stimuli/audio/lw1_2.wav		39.0	sentence	7.0	145.0	Allison	1.0
2225	Word	knew	278.808	0.1700000000000017	english				lw1	0.0	2.0	stimuli/audio/lw1_2.wav		39.0	sentence	8.0	145.0	Allison	1.0
2229	Word	he	278.988	0.1400000000000005	english				lw1	0.0	2.0	stimuli/audio/lw1_2.wav		39.0	sentence	9.0	145.0	Allison	1.0
2232	Word	was	279.128	0.2100000000000079	english				lw1	0.0	2.0	stimuli/audio/lw1_2.wav		39.0	sentence	10.0	145.0	Allison	1.0
2236	Word	no	279.738	0.2300000000000039	english				lw1	0.0	2.0	stimuli/audio/lw1_2.wav		39.0	sentence	11.0	145.0	Allison	1.0
2239	Word	common	279.968	0.5100000000000051	english				lw1	0.0	2.0	stimuli/audio/lw1_2.wav		39.0	sentence	12.0	145.0	Allison	1.0
2245	Word	beta	280.478	0.3899999999999863	english				lw1	0.0	2.0	stimuli/audio/lw1_2.wav		39.0	sentence	13.0	145.0	Allison	1.0
2250	Word	furry	280.868	0.4600000000000079	english				lw1	0.0	2.0	stimuli/audio/lw1_2.wav		39.0	sentence	14.0	145.0	Allison	1.0
2254	Word	His	282.218	0.2300000000000039	english				lw1	0.0	2.0	stimuli/audio/lw1_2.wav		40.0	sentence	0.0	145.0	Allison	1.0
2258	Word	silken	282.448	0.519999999999996	english				lw1	0.0	2.0	stimuli/audio/lw1_2.wav		40.0	sentence	1.0	145.0	Allison	1.0
2265	Word	fur	282.978	0.309999999999988	english				lw1	0.0	2.0	stimuli/audio/lw1_2.wav		40.0	sentence	2.0	145.0	Allison	1.0
2268	Word	which	283.928	0.25	english				lw1	0.0	2.0	stimuli/audio/lw1_2.wav		40.0	sentence	3.0	145.0	Allison	1.0
2272	Word	would	284.178	0.2000000000000028	english				lw1	0.0	2.0	stimuli/audio/lw1_2.wav		40.0	sentence	4.0	145.0	Allison	1.0
2276	Word	be	284.388	0.1799999999999926	english				lw1	0.0	2.0	stimuli/audio/lw1_2.wav		40.0	sentence	5.0	145.0	Allison	1.0
2279	Word	golden	285.048	0.5100000000000051	english				lw1	0.0	2.0	stimuli/audio/lw1_2.wav		40.0	sentence	7.0	145.0	Allison	1.0
2286	Word	and	285.558	0.1999999999999886	english				lw1	0.0	2.0	stimuli/audio/lw1_2.wav		40.0	sentence	8.0	145.0	Allison	1.0
2290	Word	striped	285.758	0.3400000000000034	english				lw1	0.0	2.0	stimuli/audio/lw1_2.wav		40.0	sentence	9.0	145.0	Allison	1.0
2297	Word	with	286.148	0.25	english				lw1	0.0	2.0	stimuli/audio/lw1_2.wav		40.0	sentence	10.0	145.0	Allison	1.0
2301	Word	jet	286.398	0.25	english				lw1	0.0	2.0	stimuli/audio/lw1_2.wav		40.0	sentence	11.0	145.0	Allison	1.0
2305	Word	black	286.658	0.4000000000000057	english				lw1	0.0	2.0	stimuli/audio/lw1_2.wav		40.0	sentence	12.0	145.0	Allison	1.0
2310	Word	bands	287.108	0.6400000000000006	english				lw1	0.0	2.0	stimuli/audio/lw1_2.wav		40.0	sentence	13.0	145.0	Allison	1.0
2316	Word	was	287.968	0.25	english				lw1	0.0	2.0	stimuli/audio/lw1_2.wav		40.0	sentence	14.0	145.0	Allison	1.0
2320	Word	dyed	288.218	0.289999999999992	english				lw1	0.0	2.0	stimuli/audio/lw1_2.wav		40.0	sentence	15.0	145.0	Allison	1.0
2324	Word	perfectly	288.518	0.6299999999999955	english				lw1	0.0	2.0	stimuli/audio/lw1_2.wav		40.0	sentence	16.0	145.0	Allison	1.0
2332	Word	to	289.148	0.1900000000000119	english				lw1	0.0	2.0	stimuli/audio/lw1_2.wav		40.0	sentence	17.0	145.0	Allison	1.0
2334	Word	a	289.338	0.059999999999988	english				lw1	0.0	2.0	stimuli/audio/lw1_2.wav		40.0	sentence	18.0	145.0	Allison	1.0
2337	Word	pure	289.398	0.3100000000000023	english				lw1	0.0	2.0	stimuli/audio/lw1_2.wav		40.0	sentence	19.0	145.0	Allison	1.0
2342	Word	black	289.708	0.5200000000000102	english				lw1	0.0	2.0	stimuli/audio/lw1_2.wav		40.0	sentence	20.0	145.0	Allison	1.0
2347	Word	and	290.448	0.2299999999999897	english				lw1	0.0	2.0	stimuli/audio/lw1_2.wav		40.0	sentence	21.0	145.0	Allison	1.0
2351	Word	his	290.678	0.2000000000000028	english				lw1	0.0	2.0	stimuli/audio/lw1_2.wav		40.0	sentence	22.0	145.0	Allison	1.0
2355	Word	mane	290.878	0.3100000000000023	english				lw1	0.0	2.0	stimuli/audio/lw1_2.wav		40.0	sentence	23.0	145.0	Allison	1.0
2359	Word	trimmed	291.188	0.3799999999999954	english				lw1	0.0	2.0	stimuli/audio/lw1_2.wav		40.0	sentence	24.0	145.0	Allison	1.0
2365	Word	and	291.568	0.1700000000000017	english				lw1	0.0	2.0	stimuli/audio/lw1_2.wav		40.0	sentence	25.0	145.0	Allison	1.0
2369	Word	thinned	291.748	0.2999999999999971	english				lw1	0.0	2.0	stimuli/audio/lw1_2.wav		40.0	sentence	26.0	145.0	Allison	1.0
2374	Word	as	292.048	0.1500000000000056	english				lw1	0.0	2.0	stimuli/audio/lw1_2.wav		40.0	sentence	27.0	145.0	Allison	1.0
2377	Word	to	292.198	0.1599999999999966	english				lw1	0.0	2.0	stimuli/audio/lw1_2.wav		40.0	sentence	28.0	145.0	Allison	1.0
2380	Word	be	292.378	0.1500000000000056	english				lw1	0.0	2.0	stimuli/audio/lw1_2.wav		40.0	sentence	29.0	145.0	Allison	1.0
2383	Word	indistinguishable	292.538	1.1099999999999994	english				lw1	0.0	2.0	stimuli/audio/lw1_2.wav		40.0	sentence	30.0	145.0	Allison	1.0
2400	Word	from	293.658	0.2099999999999937	english				lw1	0.0	2.0	stimuli/audio/lw1_2.wav		40.0	sentence	31.0	145.0	Allison	1.0
2404	Word	the	293.868	0.1500000000000056	english				lw1	0.0	2.0	stimuli/audio/lw1_2.wav		40.0	sentence	32.0	145.0	Allison	1.0
2407	Word	rest	294.018	0.3100000000000023	english				lw1	0.0	2.0	stimuli/audio/lw1_2.wav		40.0	sentence	33.0	145.0	Allison	1.0
2412	Word	of	294.328	0.1299999999999954	english				lw1	0.0	2.0	stimuli/audio/lw1_2.wav		40.0	sentence	34.0	145.0	Allison	1.0
2415	Word	his	294.458	0.2000000000000028	english				lw1	0.0	2.0	stimuli/audio/lw1_2.wav		40.0	sentence	35.0	145.0	Allison	1.0
2419	Word	coat	294.658	0.4899999999999949	english				lw1	0.0	2.0	stimuli/audio/lw1_2.wav		40.0	sentence	36.0	145.0	Allison	1.0
2423	Word	His	296.228	0.2400000000000091	english				lw1	0.0	2.0	stimuli/audio/lw1_2.wav		41.0	sentence	0.0	205.0	Allison	1.0
2427	Word	eyes	296.468	0.3199999999999932	english				lw1	0.0	2.0	stimuli/audio/lw1_2.wav		41.0	sentence	1.0	205.0	Allison	1.0
2430	Word	had	296.808	0.1700000000000017	english				lw1	0.0	2.0	stimuli/audio/lw1_2.wav		41.0	sentence	2.0	205.0	Allison	1.0
2434	Word	been	296.978	0.1500000000000056	english				lw1	0.0	2.0	stimuli/audio/lw1_2.wav		41.0	sentence	3.0	205.0	Allison	1.0
2438	Word	treated	297.128	0.3500000000000085	english				lw1	0.0	2.0	stimuli/audio/lw1_2.wav		41.0	sentence	4.0	205.0	Allison	1.0
2445	Word	and	297.478	0.1400000000000005	english				lw1	0.0	2.0	stimuli/audio/lw1_2.wav		41.0	sentence	5.0	205.0	Allison	1.0
2449	Word	darkened	297.618	0.3700000000000045	english				lw1	0.0	2.0	stimuli/audio/lw1_2.wav		41.0	sentence	6.0	205.0	Allison	1.0
2457	Word	to	297.988	0.1299999999999954	english				lw1	0.0	2.0	stimuli/audio/lw1_2.wav		41.0	sentence	7.0	205.0	Allison	1.0
2459	Word	a	298.118	0.0800000000000125	english				lw1	0.0	2.0	stimuli/audio/lw1_2.wav		41.0	sentence	8.0	205.0	Allison	1.0
2462	Word	rich	298.198	0.2299999999999897	english				lw1	0.0	2.0	stimuli/audio/lw1_2.wav		41.0	sentence	9.0	205.0	Allison	1.0
2466	Word	purple	298.458	0.25	english				lw1	0.0	2.0	stimuli/audio/lw1_2.wav		41.0	sentence	10.0	205.0	Allison	1.0
2472	Word	to	298.708	0.1300000000000096	english				lw1	0.0	2.0	stimuli/audio/lw1_2.wav		41.0	sentence	11.0	205.0	Allison	1.0
2475	Word	disguise	298.838	0.4600000000000079	english				lw1	0.0	2.0	stimuli/audio/lw1_2.wav		41.0	sentence	12.0	205.0	Allison	1.0
2482	Word	the	299.298	0.0799999999999983	english				lw1	0.0	2.0	stimuli/audio/lw1_2.wav		41.0	sentence	13.0	205.0	Allison	1.0
2485	Word	brilliant	299.378	0.3200000000000074	english				lw1	0.0	2.0	stimuli/audio/lw1_2.wav		41.0	sentence	14.0	205.0	Allison	1.0
2494	Word	golden	299.748	0.3699999999999903	english				lw1	0.0	2.0	stimuli/audio/lw1_2.wav		41.0	sentence	15.0	205.0	Allison	1.0
2501	Word	yellow	300.118	0.2800000000000011	english				lw1	0.0	2.0	stimuli/audio/lw1_2.wav		41.0	sentence	16.0	205.0	Allison	1.0
2506	Word	color	300.398	0.2800000000000011	english				lw1	0.0	2.0	stimuli/audio/lw1_2.wav		41.0	sentence	17.0	205.0	Allison	1.0
2511	Word	that	300.678	0.1200000000000045	english				lw1	0.0	2.0	stimuli/audio/lw1_2.wav		41.0	sentence	18.0	205.0	Allison	1.0
2515	Word	would	300.798	0.1500000000000056	english				lw1	0.0	2.0	stimuli/audio/lw1_2.wav		41.0	sentence	19.0	205.0	Allison	1.0
2519	Word	mark	300.948	0.2199999999999988	english				lw1	0.0	2.0	stimuli/audio/lw1_2.wav		41.0	sentence	20.0	205.0	Allison	1.0
2524	Word	him	301.168	0.1199999999999903	english				lw1	0.0	2.0	stimuli/audio/lw1_2.wav		41.0	sentence	21.0	205.0	Allison	1.0
2528	Word	as	301.288	0.0900000000000034	english				lw1	0.0	2.0	stimuli/audio/lw1_2.wav		41.0	sentence	22.0	205.0	Allison	1.0
2531	Word	an	301.378	0.1000000000000085	english				lw1	0.0	2.0	stimuli/audio/lw1_2.wav		41.0	sentence	23.0	205.0	Allison	1.0
2534	Word	Alpha	301.478	0.2999999999999971	english				lw1	0.0	2.0	stimuli/audio/lw1_2.wav		41.0	sentence	24.0	205.0	Allison	1.0
2539	Word	and	302.408	0.1700000000000017	english				lw1	0.0	2.0	stimuli/audio/lw1_2.wav		41.0	sentence	26.0	205.0	Allison	1.0
2543	Word	leader	302.578	0.2399999999999948	english				lw1	0.0	2.0	stimuli/audio/lw1_2.wav		41.0	sentence	27.0	205.0	Allison	1.0
2548	Word	of	302.818	0.0799999999999983	english				lw1	0.0	2.0	stimuli/audio/lw1_2.wav		41.0	sentence	28.0	205.0	Allison	1.0
2551	Word	his	302.908	0.1800000000000068	english				lw1	0.0	2.0	stimuli/audio/lw1_2.wav		41.0	sentence	29.0	205.0	Allison	1.0
2554	Text	Right now , he looked like an overgrown wolf who'd learned touch - typing . The scout ship re-emerged from the hole - a brilliant speck agimmed emerging from a sphere of velvety blackness . It's hail crackled across the comm , and Tara spun to retake her seat at the helm .  Launch the second probe . Won't Central be crushed to learn that another gateway has yielded little more fims than a class F planet and a white dwarf system . Level 1 and 2 staffers should prepare to be briefed and move out . This sounds like it's the one .  The distinctive whuffle of pleasure rippled through the betas on the bridge , and Rakal let loose a small growl , as if ro to caution his charges against false hope . They'd scouted twenty - seven gates so far , and none had turned up anything worth the Insurrection's time .  military jumpsuit it waiting hydrocarbons those mahoganyblack six reflection of fatigue . Tara would not amsla let giddy hopes drag them onto a rock that would spell the end for the project , and the Arrallin species .	311.027	53.072426303854876	english														
2555	Sound		311.027	53.072426303854876		/Users/dimaalyahya/Downloads/Code/neural_data/Gwilliams2022/download/stimuli/audio/lw1_3.wav	22050.0	0.0											
2557	Word	Right	311.127	0.0799999999999999	english				lw1	0.0	3.0	stimuli/audio/lw1_3.wav		42.0	sentence	0.0	205.0	Allison	1.0
2561	Word	now	311.207	0.33	english				lw1	0.0	3.0	stimuli/audio/lw1_3.wav		42.0	sentence	1.0	205.0	Allison	1.0
2564	Word	he	311.697	0.1899999999999999	english				lw1	0.0	3.0	stimuli/audio/lw1_3.wav		42.0	sentence	2.0	205.0	Allison	1.0
2567	Word	looked	311.887	0.19	english				lw1	0.0	3.0	stimuli/audio/lw1_3.wav		42.0	sentence	3.0	205.0	Allison	1.0
2572	Word	like	312.077	0.1499999999999999	english				lw1	0.0	3.0	stimuli/audio/lw1_3.wav		42.0	sentence	4.0	205.0	Allison	1.0
2576	Word	an	312.227	0.1200000000000001	english				lw1	0.0	3.0	stimuli/audio/lw1_3.wav		42.0	sentence	5.0	205.0	Allison	1.0
2579	Word	overgrown	312.347	0.49	english				lw1	0.0	3.0	stimuli/audio/lw1_3.wav		42.0	sentence	6.0	205.0	Allison	1.0
2587	Word	wolf	312.847	0.28	english				lw1	0.0	3.0	stimuli/audio/lw1_3.wav		42.0	sentence	7.0	205.0	Allison	1.0
2592	Word	learned	313.347	0.25	english				lw1	0.0	3.0	stimuli/audio/lw1_3.wav		42.0	sentence	10.0	205.0	Allison	1.0
2597	Word	touch	313.607	0.3999999999999999	english				lw1	0.0	3.0	stimuli/audio/lw1_3.wav		42.0	sentence	11.0	205.0	Allison	1.0
2601	Word	typing	314.147	0.4499999999999997	english				lw1	0.0	3.0	stimuli/audio/lw1_3.wav		42.0	sentence	12.0	205.0	Allison	1.0
2607	Word	The	315.227	0.1499999999999994	english				lw1	0.0	3.0	stimuli/audio/lw1_3.wav		43.0	sentence	0.0	205.0	Allison	1.0
2610	Word	scout	315.377	0.2700000000000004	english				lw1	0.0	3.0	stimuli/audio/lw1_3.wav		43.0	sentence	1.0	205.0	Allison	1.0
2615	Word	ship	315.647	0.2599999999999998	english				lw1	0.0	3.0	stimuli/audio/lw1_3.wav		43.0	sentence	2.0	205.0	Allison	1.0
2619	Word	from	316.377	0.1699999999999999	english				lw1	0.0	3.0	stimuli/audio/lw1_3.wav		43.0	sentence	4.0	205.0	Allison	1.0
2624	Word	the	316.547	0.08	english				lw1	0.0	3.0	stimuli/audio/lw1_3.wav		43.0	sentence	5.0	205.0	Allison	1.0
2627	Word	hole	316.627	0.3200000000000003	english				lw1	0.0	3.0	stimuli/audio/lw1_3.wav		43.0	sentence	6.0	205.0	Allison	1.0
2630	Word	a	317.107	0.0700000000000002	english				lw1	0.0	3.0	stimuli/audio/lw1_3.wav		43.0	sentence	7.0	205.0	Allison	1.0
2633	Word	brilliant	317.177	0.3799999999999999	english				lw1	0.0	3.0	stimuli/audio/lw1_3.wav		43.0	sentence	8.0	205.0	Allison	1.0
2642	Word	speck	317.557	0.2699999999999996	english				lw1	0.0	3.0	stimuli/audio/lw1_3.wav		43.0	sentence	9.0	205.0	Allison	1.0
2647	Word	emerging	318.217	0.3499999999999996	english				lw1	0.0	3.0	stimuli/audio/lw1_3.wav		43.0	sentence	10.0	205.0	Allison	1.0
2654	Word	from	318.567	0.1900000000000004	english				lw1	0.0	3.0	stimuli/audio/lw1_3.wav		43.0	sentence	11.0	205.0	Allison	1.0
2657	Word	a	318.757	0.0499999999999998	english				lw1	0.0	3.0	stimuli/audio/lw1_3.wav		43.0	sentence	12.0	205.0	Allison	1.0
2660	Word	sphere	318.807	0.3299999999999992	english				lw1	0.0	3.0	stimuli/audio/lw1_3.wav		43.0	sentence	13.0	205.0	Allison	1.0
2665	Word	of	319.137	0.0700000000000002	english				lw1	0.0	3.0	stimuli/audio/lw1_3.wav		43.0	sentence	14.0	205.0	Allison	1.0
2668	Word	velvety	319.217	0.370000000000001	english				lw1	0.0	3.0	stimuli/audio/lw1_3.wav		43.0	sentence	15.0	205.0	Allison	1.0
2676	Word	blackness	319.587	0.620000000000001	english				lw1	0.0	3.0	stimuli/audio/lw1_3.wav		43.0	sentence	16.0	205.0	Allison	1.0
2684	Word	It s	320.967	0.200000000000001	english				lw1	0.0	3.0	stimuli/audio/lw1_3.wav		44.0	sentence	0.0	205.0	Allison	1.0
2688	Word	hail	321.167	0.2200000000000006	english				lw1	0.0	3.0	stimuli/audio/lw1_3.wav		44.0	sentence	1.0	205.0	Allison	1.0
2692	Word	across	321.847	0.2400000000000002	english				lw1	0.0	3.0	stimuli/audio/lw1_3.wav		44.0	sentence	3.0	205.0	Allison	1.0
2698	Word	the	322.087	0.120000000000001	english				lw1	0.0	3.0	stimuli/audio/lw1_3.wav		44.0	sentence	4.0	205.0	Allison	1.0
2701	Word	and	322.677	0.1999999999999993	english				lw1	0.0	3.0	stimuli/audio/lw1_3.wav		44.0	sentence	6.0	205.0	Allison	1.0
2705	Word	Tara	322.877	0.2799999999999993	english				lw1	0.0	3.0	stimuli/audio/lw1_3.wav		44.0	sentence	7.0	205.0	Allison	1.0
2710	Word	spun	323.167	0.2699999999999996	english				lw1	0.0	3.0	stimuli/audio/lw1_3.wav		44.0	sentence	8.0	205.0	Allison	1.0
2715	Word	to	323.437	0.129999999999999	english				lw1	0.0	3.0	stimuli/audio/lw1_3.wav		44.0	sentence	9.0	205.0	Allison	1.0
2718	Word	retake	323.567	0.3500000000000014	english				lw1	0.0	3.0	stimuli/audio/lw1_3.wav		44.0	sentence	10.0	205.0	Allison	1.0
2724	Word	her	323.917	0.1400000000000005	english				lw1	0.0	3.0	stimuli/audio/lw1_3.wav		44.0	sentence	11.0	205.0	Allison	1.0
2727	Word	seat	324.057	0.1900000000000012	english				lw1	0.0	3.0	stimuli/audio/lw1_3.wav		44.0	sentence	12.0	205.0	Allison	1.0
2731	Word	at	324.247	0.08	english				lw1	0.0	3.0	stimuli/audio/lw1_3.wav		44.0	sentence	13.0	205.0	Allison	1.0
2734	Word	the	324.327	0.0899999999999998	english				lw1	0.0	3.0	stimuli/audio/lw1_3.wav		44.0	sentence	14.0	205.0	Allison	1.0
2737	Word	helm	324.417	0.3900000000000005	english				lw1	0.0	3.0	stimuli/audio/lw1_3.wav		44.0	sentence	15.0	205.0	Allison	1.0
2742	Word	Launch	325.577	0.4399999999999995	english				lw1	0.0	3.0	stimuli/audio/lw1_3.wav		45.0	sentence	0.0	205.0	Allison	1.0
2747	Word	the	326.017	0.1199999999999992	english				lw1	0.0	3.0	stimuli/audio/lw1_3.wav		45.0	sentence	1.0	205.0	Allison	1.0
2750	Word	second	326.137	0.33	english				lw1	0.0	3.0	stimuli/audio/lw1_3.wav		45.0	sentence	2.0	205.0	Allison	1.0
2756	Word	probe	326.467	0.2900000000000009	english				lw1	0.0	3.0	stimuli/audio/lw1_3.wav		45.0	sentence	3.0	205.0	Allison	1.0
2761	Word	Central	327.887	0.360000000000003	english				lw1	0.0	3.0	stimuli/audio/lw1_3.wav		46.0	sentence	2.0	205.0	Allison	1.0
2769	Word	be	328.257	0.120000000000001	english				lw1	0.0	3.0	stimuli/audio/lw1_3.wav		46.0	sentence	3.0	205.0	Allison	1.0
2772	Word	crushed	328.377	0.259999999999998	english				lw1	0.0	3.0	stimuli/audio/lw1_3.wav		46.0	sentence	4.0	205.0	Allison	1.0
2778	Word	to	328.637	0.1000000000000014	english				lw1	0.0	3.0	stimuli/audio/lw1_3.wav		46.0	sentence	5.0	205.0	Allison	1.0
2781	Word	learn	328.737	0.1900000000000012	english				lw1	0.0	3.0	stimuli/audio/lw1_3.wav		46.0	sentence	6.0	205.0	Allison	1.0
2785	Word	that	328.927	0.0899999999999998	english				lw1	0.0	3.0	stimuli/audio/lw1_3.wav		46.0	sentence	7.0	205.0	Allison	1.0
2789	Word	another	329.017	0.3200000000000003	english				lw1	0.0	3.0	stimuli/audio/lw1_3.wav		46.0	sentence	8.0	205.0	Allison	1.0
2795	Word	gateway	329.347	0.379999999999999	english				lw1	0.0	3.0	stimuli/audio/lw1_3.wav		46.0	sentence	9.0	205.0	Allison	1.0
2801	Word	has	329.727	0.120000000000001	english				lw1	0.0	3.0	stimuli/audio/lw1_3.wav		46.0	sentence	10.0	205.0	Allison	1.0
2805	Word	yielded	329.867	0.3300000000000018	english				lw1	0.0	3.0	stimuli/audio/lw1_3.wav		46.0	sentence	11.0	205.0	Allison	1.0
2812	Word	little	330.197	0.1899999999999977	english				lw1	0.0	3.0	stimuli/audio/lw1_3.wav		46.0	sentence	12.0	205.0	Allison	1.0
2818	Word	more	330.387	0.2100000000000008	english				lw1	0.0	3.0	stimuli/audio/lw1_3.wav		46.0	sentence	13.0	205.0	Allison	1.0
2822	Word	than	330.887	0.120000000000001	english				lw1	0.0	3.0	stimuli/audio/lw1_3.wav		46.0	sentence	14.0	205.0	Allison	1.0
2825	Word	a	331.007	0.0599999999999987	english				lw1	0.0	3.0	stimuli/audio/lw1_3.wav		46.0	sentence	15.0	205.0	Allison	1.0
2828	Word	class	331.067	0.3300000000000018	english				lw1	0.0	3.0	stimuli/audio/lw1_3.wav		46.0	sentence	16.0	205.0	Allison	1.0
2833	Word	F	331.397	0.1600000000000001	english				lw1	0.0	3.0	stimuli/audio/lw1_3.wav		46.0	sentence	17.0	205.0	Allison	1.0
2836	Word	planet	331.557	0.3699999999999974	english				lw1	0.0	3.0	stimuli/audio/lw1_3.wav		46.0	sentence	18.0	205.0	Allison	1.0
2843	Word	and	331.927	0.120000000000001	english				lw1	0.0	3.0	stimuli/audio/lw1_3.wav		46.0	sentence	19.0	205.0	Allison	1.0
2846	Word	a	332.047	0.0399999999999991	english				lw1	0.0	3.0	stimuli/audio/lw1_3.wav		46.0	sentence	20.0	205.0	Allison	1.0
2849	Word	white	332.087	0.2699999999999996	english				lw1	0.0	3.0	stimuli/audio/lw1_3.wav		46.0	sentence	21.0	205.0	Allison	1.0
2853	Word	dwarf	332.357	0.2200000000000024	english				lw1	0.0	3.0	stimuli/audio/lw1_3.wav		46.0	sentence	22.0	205.0	Allison	1.0
2859	Word	system	332.577	0.4699999999999988	english				lw1	0.0	3.0	stimuli/audio/lw1_3.wav		46.0	sentence	23.0	205.0	Allison	1.0
2866	Word	Level	333.877	0.2999999999999971	english				lw1	0.0	3.0	stimuli/audio/lw1_3.wav		47.0	sentence	0.0	205.0	Allison	1.0
2872	Word	and	336.187	0.0899999999999998	english				lw1	0.0	3.0	stimuli/audio/lw1_3.wav		47.0	sentence	2.0	205.0	Allison	1.0
2876	Word	and	342.097	0.1499999999999985	english				lw1	0.0	3.0	stimuli/audio/lw1_3.wav		47.0	sentence	10.0	205.0	Allison	1.0
2880	Word	let	342.567	0.1900000000000012	english				lw1	0.0	3.0	stimuli/audio/lw1_3.wav		49.0	sentence	14.0	205.0	Allison	1.0
2884	Word	loose	342.757	0.1999999999999993	english				lw1	0.0	3.0	stimuli/audio/lw1_3.wav		49.0	sentence	15.0	205.0	Allison	1.0
2887	Word	a	342.957	0.0700000000000002	english				lw1	0.0	3.0	stimuli/audio/lw1_3.wav		49.0	sentence	16.0	205.0	Allison	1.0
2890	Word	small	343.027	0.2800000000000011	english				lw1	0.0	3.0	stimuli/audio/lw1_3.wav		49.0	sentence	17.0	205.0	Allison	1.0
2895	Word	growl	343.307	0.509999999999998	english				lw1	0.0	3.0	stimuli/audio/lw1_3.wav		49.0	sentence	18.0	205.0	Allison	1.0
2900	Word	as	343.957	0.1599999999999966	english				lw1	0.0	3.0	stimuli/audio/lw1_3.wav		49.0	sentence	19.0	205.0	Allison	1.0
2903	Word	if	344.117	0.1400000000000005	english				lw1	0.0	3.0	stimuli/audio/lw1_3.wav		49.0	sentence	20.0	205.0	Allison	1.0
2906	Word	ro	344.257	0.1500000000000056	english				lw1	0.0	3.0	stimuli/audio/lw1_3.wav		49.0	pseudo_words	20.0	205.0	Allison	1.0
2909	Word	caution	344.497	0.3699999999999974	english				lw1	0.0	3.0	stimuli/audio/lw1_3.wav		49.0	sentence	22.0	205.0	Allison	1.0
2915	Word	his	344.867	0.1400000000000005	english				lw1	0.0	3.0	stimuli/audio/lw1_3.wav		49.0	sentence	23.0	205.0	Allison	1.0
2919	Word	charges	345.007	0.4600000000000008	english				lw1	0.0	3.0	stimuli/audio/lw1_3.wav		49.0	sentence	24.0	205.0	Allison	1.0
2926	Word	against	345.467	0.3499999999999943	english				lw1	0.0	3.0	stimuli/audio/lw1_3.wav		49.0	sentence	25.0	205.0	Allison	1.0
2933	Word	false	345.817	0.2999999999999971	english				lw1	0.0	3.0	stimuli/audio/lw1_3.wav		49.0	sentence	26.0	205.0	Allison	1.0
2938	Word	hope	346.117	0.3399999999999963	english				lw1	0.0	3.0	stimuli/audio/lw1_3.wav		49.0	sentence	27.0	205.0	Allison	1.0
2942	Word	twenty	348.017	0.4799999999999969	english				lw1	0.0	3.0	stimuli/audio/lw1_3.wav		50.0	sentence	3.0	205.0	Allison	1.0
2949	Word	seven	348.647	0.3200000000000003	english				lw1	0.0	3.0	stimuli/audio/lw1_3.wav		50.0	sentence	4.0	205.0	Allison	1.0
2955	Word	gates	348.967	0.2300000000000039	english				lw1	0.0	3.0	stimuli/audio/lw1_3.wav		50.0	sentence	5.0	205.0	Allison	1.0
2960	Word	so	349.197	0.2100000000000008	english				lw1	0.0	3.0	stimuli/audio/lw1_3.wav		50.0	sentence	6.0	205.0	Allison	1.0
2963	Word	far	349.407	0.3999999999999986	english				lw1	0.0	3.0	stimuli/audio/lw1_3.wav		50.0	sentence	7.0	205.0	Allison	1.0
2967	Word	and	349.937	0.1800000000000068	english				lw1	0.0	3.0	stimuli/audio/lw1_3.wav		50.0	sentence	8.0	205.0	Allison	1.0
2971	Word	none	350.117	0.1499999999999985	english				lw1	0.0	3.0	stimuli/audio/lw1_3.wav		50.0	sentence	9.0	205.0	Allison	1.0
2975	Word	had	350.267	0.1499999999999985	english				lw1	0.0	3.0	stimuli/audio/lw1_3.wav		50.0	sentence	10.0	205.0	Allison	1.0
2979	Word	turned	350.417	0.240000000000002	english				lw1	0.0	3.0	stimuli/audio/lw1_3.wav		50.0	sentence	11.0	205.0	Allison	1.0
2984	Word	up	350.687	0.1500000000000056	english				lw1	0.0	3.0	stimuli/audio/lw1_3.wav		50.0	sentence	12.0	205.0	Allison	1.0
2987	Word	anything	350.837	0.3499999999999943	english				lw1	0.0	3.0	stimuli/audio/lw1_3.wav		50.0	sentence	13.0	205.0	Allison	1.0
2994	Word	worth	351.187	0.1600000000000037	english				lw1	0.0	3.0	stimuli/audio/lw1_3.wav		50.0	sentence	14.0	205.0	Allison	1.0
2998	Word	time	352.117	0.4199999999999946	english				lw1	0.0	3.0	stimuli/audio/lw1_3.wav		50.0	sentence	18.0	205.0	Allison	1.0
3002	Word	military	353.027	0.5900000000000034	english				lw1	0.0	3.0	stimuli/audio/lw1_3.wav		51.0	word_list	1.0	205.0	Allison	1.0
3011	Word	jumpsuit	353.617	0.4499999999999957	english				lw1	0.0	3.0	stimuli/audio/lw1_3.wav		51.0	word_list	2.0	205.0	Allison	1.0
3019	Word	it	354.067	0.0300000000000011	english				lw1	0.0	3.0	stimuli/audio/lw1_3.wav		51.0	word_list	3.0	205.0	Allison	1.0
3022	Word	waiting	354.147	0.3200000000000003	english				lw1	0.0	3.0	stimuli/audio/lw1_3.wav		51.0	word_list	4.0	205.0	Allison	1.0
3028	Word	those	355.207	0.1899999999999977	english				lw1	0.0	3.0	stimuli/audio/lw1_3.wav		51.0	word_list	6.0	205.0	Allison	1.0
3032	Word	six	356.237	0.25	english				lw1	0.0	3.0	stimuli/audio/lw1_3.wav		51.0	word_list	8.0	205.0	Allison	1.0
3037	Word	reflection	356.487	0.490000000000002	english				lw1	0.0	3.0	stimuli/audio/lw1_3.wav		51.0	word_list	9.0	205.0	Allison	1.0
3047	Word	fatigue	357.077	0.3700000000000045	english				lw1	0.0	3.0	stimuli/audio/lw1_3.wav		51.0	word_list	11.0	205.0	Allison	1.0
3053	Word	Tara	357.677	0.2899999999999991	english				lw1	0.0	3.0	stimuli/audio/lw1_3.wav		52.0	sentence	0.0	205.0	Allison	1.0
3058	Word	would	357.967	0.1300000000000025	english				lw1	0.0	3.0	stimuli/audio/lw1_3.wav		52.0	sentence	1.0	205.0	Allison	1.0
3062	Word	not	358.097	0.2199999999999988	english				lw1	0.0	3.0	stimuli/audio/lw1_3.wav		52.0	sentence	2.0	205.0	Allison	1.0
3066	Word	let	358.667	0.1799999999999997	english				lw1	0.0	3.0	stimuli/audio/lw1_3.wav		52.0	sentence	3.0	205.0	Allison	1.0
3070	Word	giddy	358.847	0.2199999999999988	english				lw1	0.0	3.0	stimuli/audio/lw1_3.wav		52.0	sentence	4.0	205.0	Allison	1.0
3075	Word	hopes	359.067	0.259999999999998	english				lw1	0.0	3.0	stimuli/audio/lw1_3.wav		52.0	sentence	5.0	205.0	Allison	1.0
3080	Word	drag	359.327	0.3000000000000042	english				lw1	0.0	3.0	stimuli/audio/lw1_3.wav		52.0	sentence	6.0	205.0	Allison	1.0
3085	Word	them	359.627	0.1300000000000025	english				lw1	0.0	3.0	stimuli/audio/lw1_3.wav		52.0	sentence	7.0	205.0	Allison	1.0
3089	Word	onto	359.757	0.2700000000000031	english				lw1	0.0	3.0	stimuli/audio/lw1_3.wav		52.0	sentence	8.0	205.0	Allison	1.0
3093	Word	a	360.027	0.0700000000000002	english				lw1	0.0	3.0	stimuli/audio/lw1_3.wav		52.0	sentence	9.0	205.0	Allison	1.0
3096	Word	rock	360.097	0.240000000000002	english				lw1	0.0	3.0	stimuli/audio/lw1_3.wav		52.0	sentence	10.0	205.0	Allison	1.0
3100	Word	that	360.337	0.1700000000000017	english				lw1	0.0	3.0	stimuli/audio/lw1_3.wav		52.0	sentence	11.0	205.0	Allison	1.0
3104	Word	would	360.517	0.1899999999999977	english				lw1	0.0	3.0	stimuli/audio/lw1_3.wav		52.0	sentence	12.0	205.0	Allison	1.0
3108	Word	spell	360.707	0.259999999999998	english				lw1	0.0	3.0	stimuli/audio/lw1_3.wav		52.0	sentence	13.0	205.0	Allison	1.0
3113	Word	end	361.097	0.1700000000000017	english				lw1	0.0	3.0	stimuli/audio/lw1_3.wav		52.0	sentence	15.0	205.0	Allison	1.0
3117	Word	for	361.277	0.1400000000000005	english				lw1	0.0	3.0	stimuli/audio/lw1_3.wav		52.0	sentence	16.0	205.0	Allison	1.0
3120	Word	project	361.487	0.5799999999999983	english				lw1	0.0	3.0	stimuli/audio/lw1_3.wav		52.0	sentence	18.0	205.0	Allison	1.0
3128	Word	and	362.207	0.1499999999999985	english				lw1	0.0	3.0	stimuli/audio/lw1_3.wav		52.0	sentence	19.0	205.0	Allison	1.0
3132	Word	species	362.817	0.3400000000000034	english				lw1	0.0	3.0	stimuli/audio/lw1_3.wav		52.0	sentence	22.0	205.0	Allison	1.0
